,dma_name,median_income,poverty_rate,bach_plus_rate,grad_prof_rate,population,dma_race_total,pct_hispanic,pct_nh_white,pct_nh_black,pct_nh_aian,pct_nh_asian,pct_nh_nhpi,pct_nh_sor,pct_nh_two_plus,search_interest,score_all_ela,score_all_math,score_all_ela_g5,score_all_ela_g6,score_all_ela_g7,score_all_ela_g8,score_all_math_g3,score_all_math_g4,score_all_math_g5,score_all_math_g6,score_all_ela_g3,score_all_ela_g4,score_all_math_g7,score_all_math_g8,cluster_id
0,Abilene-Sweetwater TX,49829.71685378198,14.861864400954127,20.185203283815483,6.430316653635653,313354.0,313354.0,25.408643259699893,65.13304441621935,6.056728173248147,0.3532745712516834,1.1826879503692311,0.0127651154923824,0.1353102242192536,1.7175462895000542,34.6457306140744,5.486706732436622,4.391369213994505,4.056056485632976,5.103334114201924,6.018850760995869,6.797618631218852,3.0789981919077496,3.832349411259975,4.722895149834276,5.893327570400331,,,,,0
1,Albany GA,41566.26625965794,24.69877213785717,15.674556978398654,6.582404789622484,410802.0,410802.0,7.486088188470358,51.21128913685912,38.897571092643176,0.1991226917103617,0.98660668643288,0.027020316356785,0.0808175227968705,1.111484364730454,52.27528213170008,4.480911009628465,4.6038869098144986,4.029433426382895,4.838777807419278,6.032529474813909,6.9669320692230405,2.5978061457605865,3.2390504898260963,4.31003107071956,4.764190574916914,2.187345276171366,3.113503904093999,5.828063169103756,7.09843706066766,4
2,Albany-Schenectady-Troy NY,66079.48563101086,10.996811660043344,33.69874652594727,15.15337015104132,1384057.0,1384057.0,5.047263226875772,83.15083844090236,5.533587128275786,0.1666838865740356,3.1845509252870365,0.0335968822093309,0.4121217551011266,2.4713577547745507,15.402705140823876,5.8317185542398144,5.528083217772354,5.396182115863754,5.738992814602127,7.131027434676859,8.12935157435811,2.991959672670721,3.683812273712374,5.10211196836557,5.858105073764643,3.618676521141607,4.530583381619173,7.069253957874817,7.9440258635604195,2
3,Albuquerque-Santa Fe NM,51503.275100142935,18.484041579258506,27.6727566830234,12.120732009101827,1948465.0,1948465.0,43.8180311168022,38.966879056077474,1.6425237302184026,12.281257297411038,1.443289974415758,0.0513737737141801,0.1798851916765248,1.6167598596844184,23.07865633940128,3.5544460016473565,3.133941140406202,3.278603264981949,4.849165813746177,4.678661201506519,5.148732100406566,1.4498832444580807,2.363316207959233,2.985258185519996,4.557656750042903,1.4282489764850752,2.636357256845856,4.582964593129145,,1
4,Alexandria LA,45760.643205746535,19.79788420883562,17.54414324794827,6.197463317582691,243625.0,243625.0,4.37188301693176,65.060236018471,25.74120061570036,0.7909697280656747,1.1706516162134428,0.12108773730118,0.125192406362237,2.618778860954336,79.6943907156673,4.830525045571051,4.569275710334119,4.1193017605953735,5.442526820282581,6.4513001218810215,7.375814808333505,1.792745838356547,2.8109556350952563,3.731247554051386,5.230512958309504,1.8030194061441505,3.0437099494557462,6.185660626958082,6.944553598489596,4
5,Alpena MI,42596.239343503206,15.020279994766453,17.695237453234014,6.316357140449627,38873.0,38873.0,1.4097188279782882,95.72968384225555,0.5273583206853086,0.4193141769351478,0.5042060041674169,0.1131891029763589,0.0102899184523962,1.286239806549533,,4.925941116711572,4.739361246316298,4.533225243994184,5.534518255764325,6.345135766798148,7.408323019560501,2.3240077284652547,2.7167584165293683,4.097070184061684,4.937867948747511,2.5614763753736924,3.247839107056655,6.331823005099195,7.694512391433378,0
6,Amarillo TX,52347.55040486274,15.642370923512273,20.73127816322152,6.146913668550176,546852.0,546852.0,36.01248601084023,54.61569126564408,4.361692011732608,0.5674295787525693,2.293673608215751,0.1824991039623152,0.0782661487934578,1.888262272058985,97.6076845298281,5.615995970766334,4.859759437168632,4.425302109843506,5.304916934077441,6.117110192263361,7.005147354068405,3.37729432909504,4.270658399556871,5.33567194503428,6.165347644367514,2.6345918353274587,3.586161069139982,6.0251067036059,6.90473439916471,1
7,Anchorage AK,77865.33129186278,10.766227122289388,29.165606517709247,11.039396000685418,587485.0,587485.0,7.015838702264738,59.98927632194865,3.1027175161919027,14.215852319633694,6.750470224771696,1.3916951071091177,0.259921529911402,7.274228278168804,83.35480943738656,5.485537606045449,,,,,,,,,,,,,,2
8,Atlanta GA,66808.08192187361,12.876077570039293,36.380678335118574,13.950286548265986,6924805.0,6924805.0,10.900205854172066,50.81304094483527,30.418257265006016,0.1658674865212811,5.182543046338489,0.0362898305439647,0.3655987424916658,2.1181968300912444,16.436070401552087,5.541245825512692,5.470445814101527,5.064490171289277,6.080774398723401,7.016279153907708,7.951271362331188,2.917391973191488,3.974316376174321,4.90896418696567,6.03068948878018,3.0679847959064106,4.112262151748168,7.027614277662454,7.932389147716853,2
9,Augusta GA,52044.79006501662,17.71057944246381,23.56167078583988,8.781831372115041,720585.0,720585.0,5.12750057245155,53.40563569877253,37.0458724508559,0.2019192739232706,1.5834356807316277,0.1094943691583921,0.324458599610039,2.2016833544966934,29.926729626761063,4.684666442838703,4.525155887702252,4.290043679229561,5.018572263518058,6.077235191677372,7.22104004678334,2.271309986251266,3.316849451670452,4.395880451429993,4.870725188094912,2.399843478038056,3.250006625738764,5.781926338167581,6.6943031359916265,4
10,Austin TX,75969.21702215908,10.77566686444287,43.32963299842463,15.310277669287045,2266340.0,2266340.0,31.62195434047848,53.583442907948495,6.662592550102808,0.1892037381857973,5.460610499748493,0.0366670490747195,0.1708040276392774,2.2747248868219243,11.59514977949247,6.230397008344688,4.836497549435846,4.932206519381312,5.757239330127807,6.5612143684796544,7.7391467883317215,3.5472291221197403,4.417284207651269,5.2974666773032695,6.081270576592623,,,,,2
11,Bakersfield CA,53350.0,20.99761417263124,16.38046928313366,5.41577801371888,887641.0,887641.0,53.32944287161139,34.16076995091484,5.155349966934831,0.4847680537514603,4.588566774180102,0.1256138461382473,0.0983505719091389,2.0571379645599968,22.82826491869045,4.38833654982052,3.977382377219929,3.771823473952226,4.831143316498905,5.875366953208562,6.854911981434576,1.779262185801462,2.575109482680661,3.379988675930372,4.535727328764899,2.070623760689795,2.929901408787895,5.292671628406053,6.323471424367586,1
12,Baltimore MD,82894.50059734959,10.09423678763068,39.49061480855176,17.498103635704794,2989037.0,2989037.0,5.797920868828322,58.13989589289126,27.591194086924983,0.1986258450464146,5.2459036137725965,0.0333217688506365,0.2880526403654421,2.7050852833203467,16.241820969373038,5.240752140618392,4.282483414224667,4.8472101072237255,5.702871571157881,6.697428543463053,7.690024144029289,2.805626595000549,3.770680478023792,4.784561889290986,5.728551352400973,2.868332876163686,3.80301790949764,,,2
13,Bangor ME,49637.00858275733,15.405583710678622,26.5247906177718,9.732950871053871,344761.0,344761.0,1.4453490969106135,93.96248415569046,0.7013554317338678,1.1892296402435312,0.7947534668944573,0.0411879533938003,0.1392268847114378,1.7264133704218283,32.703930412371136,5.624594626876415,5.543387930258808,5.0780378446185965,6.020137893853017,7.080459775764129,8.044662159958975,3.000111110566736,3.829632554390516,4.861434231375691,5.928115919820574,3.023339822849941,3.99905683648015,7.001713213466155,8.123212245526755,0
14,Baton Rouge LA,57693.56361668212,16.3861937648688,26.276022350788708,9.172064810694094,926573.0,926573.0,4.089478109118224,56.49884035040952,35.31119512439926,0.2334408621878686,1.869361615328744,0.0300030326806414,0.1167743933829282,1.8509065124928088,20.44675147245764,5.014379621760288,4.808145274797027,4.6004640071169645,5.608172874258621,6.611219924411526,7.722801681617047,2.285646749064792,3.2522270618521985,4.310714286266677,5.396531636871557,2.3883592959051425,3.426771573796352,6.326535231824263,7.548665994076287,4
15,Beaumont-Port Arthur TX,52656.93045019223,16.365046477390322,17.43063179558745,5.124076984383552,466112.0,466112.0,14.361355210764795,58.74532301249486,22.85459288754634,0.2188315254702732,2.388052656872168,0.0330392695317863,0.1128484141150624,1.2859570232047233,53.55720823798626,5.132861580436985,3.933241689418308,3.787676462474815,4.7723081130674405,5.675377377275305,6.394670619322326,2.7464123524467707,3.6551433332745695,4.139171169238824,5.196944921411484,,,,,4
16,Bend OR,67043.0,10.786934288043977,35.389153117280536,12.939571581314752,186251.0,186251.0,7.974722283370291,87.25107516201255,0.5809364781934057,0.5524802551395697,1.0759673773563632,0.1594622310752693,0.0676506434864779,2.3377055693660704,78.1253244345569,4.049852859982574,3.799586836700556,,,,,3.799586836700556,,,,4.049852859982574,,,,0
17,"Billings, MT",58544.17720728647,11.189662166077534,29.44109605150972,9.029488724899304,246649.0,246649.0,4.980356701223196,83.72342884017368,0.4013800988449172,7.657034895742533,0.5826092949900467,0.0733836342332626,0.0466249609769348,2.535181573815422,65.07894736842105,4.897049162173692,5.268612876318458,4.458224857406748,5.578869491096607,6.127221125133919,7.4459137983240415,2.6507866236229547,3.9109478891451337,4.767715860663817,5.897416191260736,2.318001566148068,3.611450927255437,6.740603068826283,7.857026674915646,0
18,Biloxi-Gulfport MS,49120.766883165285,18.45414764578879,21.43046622403513,7.816278434975837,389071.0,389071.0,5.522642396889,67.2604743093163,22.0090934559502,0.4361671777130652,2.399047988670448,0.041894667040206,0.1346797885218893,2.1960002158988976,85.00197628458497,5.913096875636747,5.871837101585799,5.412053828557757,6.581624707208183,7.172662884009465,7.906012937645794,3.795796218871081,4.564212100675151,5.27362511248774,6.56901402854957,3.9499137753305353,4.689027567845131,7.163244371013352,8.132233904699696,0
19,Binghamton NY,53400.16936596789,15.64348180480414,25.743939519163423,11.36060132845566,334778.0,334778.0,3.548918985118497,87.86569009911047,3.395683109403844,0.1678724408413934,2.779155141616235,0.0143378597159908,0.0483902765414692,2.179952087652116,37.73989321128909,5.546973954581576,,,,,,,,,,,,,,0
20,Birmingham AL,52865.84683915389,15.691229448641067,26.009789359769048,9.85222935071459,1890111.0,1890111.0,4.028863913283399,66.82247762168465,26.071802132255723,0.2234789385385302,1.1849568623218425,0.0250249853050958,0.1417906144136508,1.501604932197104,30.40252749253581,4.723809728155487,4.315734482669343,4.337538169803988,5.19370152715788,6.1312881630399625,7.007747343177133,1.9240751105438247,2.95545851877705,3.901580557105071,4.794814709608859,2.39354114118539,3.3524277842426677,5.740442122791377,6.65465956106545,4
21,Bluefield-Beckley-Oak Hill WV,40838.80084265749,19.61537738273586,16.13582972047085,5.8008871159551525,330146.0,330146.0,1.2927613843572237,91.36563823278186,5.0232321457779285,0.20778685793558,0.48978330799101,0.0202940517225712,0.1550829027157682,1.445421116718058,114.97298872910996,5.955749386660783,4.391742076514524,5.371339322802209,6.220900253631426,7.344051668067066,7.703623048658295,2.129487649251685,2.8952349388566434,4.027081790211418,5.129010039755348,4.011865224315556,4.57640971012917,5.782241604728045,6.951914599235799,0
22,Boise ID,59179.37080258851,12.366827989488986,29.779336059304583,9.771209625227982,824258.0,824258.0,14.415631998718847,79.50544611031982,0.9601362680131706,0.5657209271854201,1.7824516110247035,0.1607506387563117,0.1073692945655365,2.502493151416183,16.060517028847478,5.918669193462859,5.867218623814351,5.393490544842496,6.364070078843002,7.422322271189402,8.405972204302886,3.255068159717869,4.1884887360583205,5.328120412413889,6.234932512515854,3.4205990467983587,4.361416458073453,7.464389240807026,8.596918348663658,0
23,Boston MA-Manchester NH,86536.99976783396,9.19781809407246,45.20544623922154,20.08604316447972,6641798.0,6641798.0,10.173630694579993,73.78898003221417,6.3721901810323045,0.1438465909381766,6.73123452414542,0.0295100814568585,0.6859588322318745,2.0746490634012056,11.04982896996516,6.452747548156529,6.432317009897117,5.9800893316020325,6.9346455792433135,7.963559746307085,8.90753887213864,3.630600333321263,4.751545722368837,5.870556680430869,6.980112533102485,4.078921329922455,5.009404423264632,8.194690484281889,9.359532069518451,2
24,Bowling Green KY,46270.274216450765,19.332292332865435,22.7954857030944,9.231786133960048,252122.0,252122.0,3.8544831470478575,85.23889228230777,5.874536930533631,0.291525531290407,2.232649272971022,0.1911772871863621,0.193557087441794,2.123178461221155,80.83836206896551,5.611814887658605,5.40111121790491,4.856222726985314,6.113166155353547,7.066272670776734,8.25515537430225,2.872177717935787,3.64193482461535,4.56217986950428,6.04137265776003,3.074664013825112,4.180015739950616,6.8231189115201145,8.34719367637861,0
25,Buffalo NY,55668.47847887959,14.419320150937862,28.978222343889577,12.489374117511453,1579704.0,1579704.0,4.766272668803776,80.98232327068868,9.182226543706925,0.6323969553789823,2.402348794457696,0.0259542293999382,0.092485680861731,1.9159918567022685,14.181961296567586,5.407031686679088,5.838045582617784,4.787413967529909,5.808572232123682,7.091776773123944,7.793748747580263,3.7796038176598215,4.183660911522168,5.153157486618577,5.8114735573041685,3.5455921441107527,3.6762249109837057,7.49023134160042,8.426911697030405,0
26,Burlington VT-Plattsburgh NY,62127.922366209285,11.408933251213718,34.79150973400961,14.770585379735182,847144.0,847144.0,2.172948164656776,91.63518835050476,1.846911505009774,0.6982284003664077,1.7409082753345355,0.043203988932224,0.1304382725959223,1.7321730425996051,21.210262998681507,6.149872510539913,6.182547501167427,5.432447038295807,6.472509134513127,7.513240664086151,8.557566891220574,3.5571246350823347,4.56610406279809,5.180906415458697,6.594707985653992,3.736225043899338,4.651145986070037,7.758445039317708,8.833927059130337,2
27,Butte-Bozeman MT,59471.72921078189,12.831635617181144,40.19782893801255,13.562026956562958,188427.0,188427.0,3.817393473334501,91.2815042430225,0.4256290234414388,1.2089562536154586,0.9987952894224288,0.0090220615941452,0.0260047657713597,2.232694889798171,53.17741935483871,6.537708187168944,6.36760058095796,6.09330907479825,7.000335496178702,7.963506096147149,8.78001112027824,3.8449462923365543,5.001653479547358,5.902063580196097,6.7929368986510985,4.285255236793617,5.346447215421009,7.91232132251725,9.034902026706984,2
28,Casper-Riverton WY,60730.30996591684,10.654611161109832,22.727364164872967,8.137032045221378,146700.0,146700.0,8.173142467620995,82.1976823449216,0.7361963190184049,5.948875255623722,0.4526244035446489,0.0988411724608043,0.0402181322426721,2.352419904567144,142.55172413793102,5.57230063885912,5.655472367892343,4.985800059287127,5.926150486833212,6.940100442180097,7.717087075782632,3.4465115318854163,4.222306173914516,5.213157045869216,5.897705470450618,3.485986890801424,4.226226853662425,7.0463517881703845,7.948474143016348,0
29,Cedar Rapids-Waterloo-Iowa City & Dubuque IA,61468.78188925513,12.063000884612435,31.01021494006317,10.862479313319705,905595.0,905595.0,3.593217718737405,87.21315819985756,4.600952964625468,0.3367951457329159,2.206394690783408,0.1365952771382351,0.188163583058652,1.7247224200663651,14.929606878239415,5.653972579676083,5.621030742349177,5.094335938395132,6.138003116857123,7.102568357617798,8.11154472483816,3.056725440526621,3.9717370330411352,4.902186489261951,6.193233365367584,3.2676017138188755,4.151233426097432,7.190942885512521,8.346101372050558,0
30,Champaign & Springfield-Decatur IL,54758.172524893474,15.560022538292491,27.90209922640145,11.277463379530412,949747.0,949747.0,3.50819744626727,81.56898626686898,9.189289358113266,0.1592002922883673,3.1984307399760143,0.0368519195111961,0.128876427090583,2.210167549884338,12.837414587670963,5.082968516177612,4.881456536495899,4.621347583392024,5.546535382573587,6.58338625901133,7.749323708375369,2.22125982826252,3.4389725213407667,4.3620436667692575,5.364426563832132,2.3493293623109963,3.599736753821015,6.349537775237733,7.511092950367486,0
31,Charleston SC,60381.84534482625,14.052601809954751,33.28208691117622,11.801038813202815,905369.0,905369.0,5.205501845104041,62.73033426150001,27.68661175719513,0.2882802481640082,1.5691944389525154,0.0723461925469062,0.2264270148414624,2.221304241695927,21.538063319169307,5.315701981414147,5.033791658513707,4.84417508574014,5.914105131386148,6.900191898844567,7.766022114896526,2.644870026210358,3.6198781720548263,4.471186694334655,5.5019686024122825,2.8945905577904525,3.7984246993993898,6.607616924658276,7.593309226227961,2
32,Charleston-Huntington WV,42545.32268484084,21.079057996436585,17.917636468617868,7.485735393796375,1196570.0,1196570.0,1.0744879112797412,93.8401430756245,2.555721771396575,0.1704873095598251,0.6869635708734132,0.02406879664374,0.0745464118271392,1.5735811527950727,34.184727248092805,5.651258237049489,4.860712564948562,5.142375890527204,6.056554604439349,7.038553703207431,7.943158829417756,2.5982671933458783,3.7178792765450193,4.5870741313322325,5.551713861651121,3.323340245566892,4.263286837235249,6.372395015232955,7.170014006156827,0
33,Charlotte NC,60162.835093544025,12.940365503367795,31.5725811181624,10.56365606747342,3261352.0,3261352.0,9.208113690273237,64.76850704861052,20.04604225486853,0.3400123629709397,3.3193902406118694,0.0394314995744096,0.2442238678928248,2.0342790351976725,15.379946146198613,5.649812803615692,6.001253503062211,5.184383785470366,6.1428625196409286,7.042677276975215,8.010968263793634,3.332587949793088,4.435755344760303,5.430380351640372,6.506058858027172,3.293658328048756,4.210289514067869,7.61076458089413,8.679513187585954,2
34,Charlottesville VA,76201.59024044922,7.988355204323034,45.88870683900722,21.78270179362479,166688.0,166688.0,5.195334997120368,78.42376175849492,9.63416682664619,0.18177673257823,3.706325590324439,0.042594547897869,0.1619792666538683,2.654060280284124,37.76050971974483,5.606095037590545,5.2218602481082605,5.235598312470321,6.032886795162226,6.911983080953504,7.95125988997639,3.539524707084133,4.9664902597570775,5.939653366224218,6.460589728622352,3.4646346219129125,4.464582530881362,,,2
35,Chattanooga TN,50183.49982326564,14.934551409877551,22.275170280022248,7.935314553387014,1026965.0,1026965.0,7.995598681551952,79.67408821138014,8.69075382315853,0.2674872074510815,1.2571996124502782,0.0283359218668601,0.1668995535388255,1.919636988602338,52.63859737443363,5.2890589527383325,5.094952484694609,4.783993905620529,5.629759179148426,6.717971892792613,7.74441273645427,2.869796185358624,3.759461652707713,4.634955728034469,5.944761694362336,2.908017719713087,3.9023560292949258,6.867902619443603,8.187998044659967,0
36,Cheyenne WY-Scottsbluff NE,61578.87155466508,10.94650491848865,26.909250679022207,9.739974436810993,147736.0,147736.0,16.506471002328478,77.80703416905833,1.529755780581578,0.9706503492716736,1.022093464016895,0.0961173986029133,0.022337141928846,2.045540694211296,181.7142857142857,5.453823552407127,5.440896485621289,5.213395681431631,6.176593119748385,6.405985512608332,7.529181389133591,3.143097259575286,3.917887946880512,4.938471431580695,6.298082667276928,3.3132732901775888,4.097661615278192,6.837579426329908,7.514068655038449,0
37,Chicago IL,72135.70339613565,11.888170763831292,37.55791470355212,14.783968158966312,9670609.0,9670609.0,21.82384790864774,53.385396927949415,16.19744940571995,0.0983081830730618,6.459241605156407,0.023276714010462,0.1799369615708793,1.8325422938720817,12.087718012472152,5.601107419156637,5.619404617276189,5.060452601527049,6.091315368953099,7.119487217392181,8.154102177747797,2.900189576286325,3.9594849501212783,5.069548941059069,6.134028651823104,3.0438436180962887,3.9880017879631215,7.220778963352017,8.287231365383809,2
38,Chico-Redding CA,51720.49270236286,18.52704710733229,22.85561870603625,7.498418085187886,518524.0,518524.0,16.343891507432637,73.47278043060687,1.214987155850067,1.5355123388695606,3.4526849287593246,0.151005546512794,0.1087702787141964,3.720367813254546,22.18933958868848,4.6901991523703375,4.61249855592914,4.167311893274187,5.092497844230596,6.3281856847778055,7.095345578073612,1.932482975207918,3.069284483595551,4.016370085082395,4.843264129512526,2.19194778557228,3.2707664535008267,6.480428837119999,7.349720031962645,0
39,Cincinnati OH,63592.10136151371,12.612899998840785,32.25297287033301,12.154632980590614,2383597.0,2383597.0,3.0793376564914285,80.7195595564183,11.158220118585485,0.0984226779946442,2.417438853967344,0.0387649422280695,0.1467949489783717,2.341461245336355,21.00612903016263,5.8307270470336325,5.067686618098853,5.339807011231547,6.352354224529522,7.249294215480184,8.27308723085392,3.200035790835955,4.20678308465236,5.304189101301779,6.255324891380791,3.4061646632744176,4.336879797679533,7.084891182239584,7.813210260069189,2
40,Clarksburg-Weston WV,46729.94908069592,17.55649001729227,19.202999385630044,7.283172039340681,269171.0,269171.0,1.29025786581764,94.44182322761368,2.085291506142935,0.176467747268465,0.477763206288939,0.0092877761720244,0.2054456089251813,1.3136630617711418,68.51755617977527,5.422149144366238,4.548639358430634,,,,,2.1516525383282668,3.1186961600692578,4.00289329494239,4.956610329256023,,,6.012225425015211,6.970772128359157,0
41,Cleveland-Akron (Canton) OH,56011.3932543456,13.847770087880871,28.12847966706696,10.7843122482774,3818399.0,3818399.0,4.249739223166568,77.04367720607512,14.090538992912998,0.1471297263591364,1.973287757513031,0.014456320567861,0.1631573861191562,2.318013387286137,17.644963176219886,5.751902205573724,4.570843572065593,5.1927166482101255,6.184267156191027,7.231274237432194,8.348990595769466,2.9522074786552226,4.040639202806406,5.162405600178805,6.083569238927643,3.2165235777693555,4.227473812453352,,,0
42,Colorado Springs-Pueblo CO,62432.111675275206,12.311140792959671,33.239305819824125,12.684488031532744,992619.0,992619.0,22.04491350659216,66.64571200027403,4.785219706654819,0.4798417116738647,2.123473356846887,0.2624370478501822,0.2313072790264945,3.427095391081573,23.58952590461867,4.954742664950283,4.643289666471309,5.532789848343088,6.333344947151439,,,3.13120246502493,4.220043272699235,5.204136970161841,5.976342802910041,3.458544529530845,4.452749448047596,,,2
43,Columbia SC,52290.812105342,16.517165234663015,29.019677578745608,11.16868202574809,1108238.0,1108238.0,5.076075716587953,52.931770973382974,37.49573647537803,0.2368624789981935,1.7696559764238369,0.0868946922953372,0.2036566152757801,2.199347071657893,25.309811314221427,4.803117388915692,4.692485018710259,4.306701684169748,5.339568875166785,6.239509462668451,7.290264692271037,2.480151508686904,3.299170399891559,4.274232849980067,5.155914668884011,2.393531893110456,3.2774242310759862,5.9741219893425,6.996258838480191,4
44,Columbia-Jefferson City MO,53773.22406740923,15.104993784863376,30.366643204545312,11.785911313181272,480409.0,480409.0,2.758274720082264,85.2350809414478,6.743212554302688,0.4004920807062316,2.104873139345849,0.074103524288679,0.1196896810842428,2.564273358742238,34.46285268160953,5.254036278155385,4.811447212172745,4.699352367905149,5.818112940386486,6.814446838715585,7.604500584717292,2.595729218496837,3.68198293979453,4.837804910594362,5.934812642055327,2.776218029859487,3.698393294550259,6.8823504115487415,,0
45,Columbus GA,46917.62927673014,20.33648882745105,24.73064259325099,10.148500821855691,597799.0,597799.0,5.562572035082026,52.14260980697526,37.1225110781383,0.2530951038727064,2.370027383786189,0.0627301149717547,0.2087658226259997,2.2776886545477657,35.26747538176109,4.73205395529457,4.458524270108803,4.307809451865453,5.236261903533478,6.15547580352856,7.242503965015887,2.0673992078421164,2.851459952956321,4.130221318161465,4.870882862918635,2.5178917801438927,3.1597947029409323,5.879305812119401,7.197452223208773,4
46,Columbus OH,63944.91873496767,13.619842713616956,33.02240919451332,11.959913383300249,2501691.0,2501691.0,3.742188783506837,76.18786652708108,13.187040285950582,0.1433030698035848,3.5986059029672326,0.0283408302624105,0.206620242068265,2.906034358360005,18.993909014961645,5.629022433060218,4.419583153659561,5.1959379830883705,6.144194921790392,7.157429996757866,8.179283182727447,2.7867891257912696,3.879838238060303,4.907502778139357,6.138558363565233,3.078346149474415,4.18072616538498,,,2
47,Columbus-Tupelo-West Point MS,43211.335006378016,19.957088725125264,19.861190691828547,7.6680898779488516,492316.0,492316.0,2.4985984611509684,64.92009197344795,30.30431673965501,0.1858562386759723,0.810658195142957,0.012187294339408,0.1186229982369047,1.1496680993508237,74.21598258308254,5.422221520984005,5.448484116028599,5.0595013769861925,5.910732497412602,6.614825484623133,7.451977563562824,3.50606351712669,4.198487978599979,5.113481338649465,5.947910379697413,3.314954924596041,4.212183023095966,6.53666995028983,7.414788600359826,4
48,Corpus Christi TX,52396.937576843535,18.384572560762656,19.180820207428265,6.439679069373117,601059.0,601059.0,63.39510763502418,30.67635623125184,3.109178965792044,0.2156194317030441,1.6088270868583616,0.0502446515233945,0.0482481753039219,0.8964178225432112,41.47619712271816,5.39541744897442,4.336594146940655,4.156438971041268,5.0051363896009855,5.75951450480437,6.710433503632199,3.31992360053106,4.036473435986572,4.68865509719215,5.252924501715937,,,,,1
49,Dallas-Ft. Worth TX,69830.27961435178,11.951754956742963,33.70507515373624,11.672383846403529,7995473.0,7995473.0,27.818516803196008,48.39696163066275,14.829566681045636,0.3101254922629343,6.319013271635086,0.1034710516813701,0.17531170451079,2.0470333650054227,17.177842706655063,6.088545734128591,4.895740223305697,4.786936613543135,5.671255981135606,6.533274795695505,7.420939395995979,3.5087108741165483,4.388671640643561,5.3011186911747865,6.3249126266132185,,,,,2
50,Davenport IA-Rock Island-Moline IL,55844.18496345989,12.533761875041463,23.3101087654382,8.028621683945795,760534.0,760534.0,8.194242466477501,82.63351802812234,5.202791722658027,0.2191880967846276,1.632668624939845,0.0483870543591739,0.1124210094486242,1.956782997209856,23.84995216317221,5.225772592776963,5.102405858586977,4.713403623692938,5.661825029817132,6.722904356180424,7.638692849946548,2.715823824295383,3.7019453923663663,4.702604464168213,5.536569470588448,2.7591435552181367,3.771515830783378,6.532019025072898,7.332559346917778,0
51,Dayton OH,55936.71517241,13.670993113499849,25.19034948810489,10.302349561758858,1271011.0,1271011.0,2.609182768677848,81.54414084535854,10.917529431295243,0.1648294153237068,1.653644224951633,0.0455542870990101,0.1584565357813583,2.906662491512662,19.973097703666525,5.537739734891362,4.505404670906893,5.007929764972846,6.090610900161778,7.155645986537287,8.167078384201666,2.752984719424145,3.902019935165844,4.991569798856931,6.117462927971156,2.915826052730314,3.986018825167286,6.246024559465638,7.359072197278768,0
52,Denver CO,77354.18706419667,9.773645157833108,42.86471122583077,15.973385707628914,4476073.0,4476073.0,21.42232711575526,68.23132687961076,3.891647879737439,0.4431339703351576,3.419425911954519,0.1083539075435096,0.1764046296832066,2.30737970538014,14.821154515100556,4.733599168506304,4.508412808810761,5.2743724553782405,6.092672814326117,6.8499645504879005,7.705035398998685,3.2075904056634297,4.127927239238054,5.135657138140601,5.938696495737974,3.5710472982913584,4.407411252647523,7.325316727751661,8.458252977050845,2
53,Des Moines-Ames IA,63954.70702099821,10.923391828344052,31.94945101547914,9.963435510480611,1171671.0,1171671.0,6.373546840367304,84.63937402222979,3.488863341330459,0.1796579415211266,3.311595149150231,0.0711803910824796,0.055476323985146,1.880305990333464,14.110550798226509,5.608880312104415,5.725339104694054,5.088115453752935,6.1656362853456965,7.059402861677694,7.923112433590973,3.182335375306839,4.275669693905607,5.256041631401816,6.327101227468031,3.1621289499757115,4.244040342730902,7.215146357124664,8.072452368968825,2
54,Detroit MI,62796.81322799828,14.341800703548024,32.416754753323055,13.45835820793105,4875870.0,4875870.0,4.454179459255476,67.6423284460004,20.519497033349943,0.2435257707855213,4.605434517327164,0.031625125362243,0.1855053559672427,2.3179042919520003,17.21008316864295,5.335373473614863,5.176564624745622,4.837548060428102,5.820494128728918,6.844678731081556,7.772112172194104,2.4630891968744364,3.525063494922558,4.654460391388986,5.671251260916408,2.725562445962902,3.783096477393215,6.722121731516453,7.791452301361597,2
55,Dothan AL,47551.76128352948,18.25316667172929,19.60509285083753,7.091756881901532,267824.0,267824.0,4.593688392377084,68.47369914570763,23.002419499372724,0.5372931477388135,0.956598363104128,0.0291236035605472,0.1949041161359699,2.2122737320031063,49.19908466819222,4.845544896017782,4.5972659000236735,4.259477921460795,5.448305880026112,6.355008501239659,7.221242388948109,2.233748860567846,3.007761623006162,4.067160601791228,5.108454098733084,2.53235859431688,3.413356428265157,6.301211622424863,7.034667255959127,4
56,Duluth MN-Superior WI,54534.04162500357,13.44623234102606,26.190203553771337,8.71266721450607,420036.0,420036.0,1.7472311897075488,89.98109685836452,1.336790179889343,3.61230942109724,0.8194535706463255,0.0321401022769476,0.0302355036234989,2.440743174394576,94.92535633908476,5.740783805285225,6.080731143610551,5.368992243881013,6.170994090176582,6.901116352324049,7.859764104034881,3.73145802578896,4.623260711511112,5.771637546068252,6.674804622846053,3.703792025332929,4.431329069883523,7.283610302453593,8.396023096573726,0
57,El Paso TX,45585.23338055839,21.485664589182683,24.003752327789982,8.211777417612101,1058760.0,1058760.0,79.599909327893,15.138936113944617,2.674921606407496,0.3529600664928785,1.1179115191355926,0.1048396237107559,0.0783935925044391,0.9321281499112168,46.43739778739778,5.690227215463982,4.860829542163888,4.451232383524983,5.218740690980005,6.108858059733085,6.963783024536439,3.630057120883559,4.340828675228894,5.399618375841631,5.959555120059955,,,,,1
58,Elmira NY,53615.95955550189,13.803699412042402,22.714657007444345,10.325645940892144,240181.0,240181.0,2.1059117915238925,91.50557288045266,2.894483743510103,0.1582140135980781,1.2307384847261025,0.0095761113493573,0.1144969835249249,1.9810059913148832,76.22924972816236,5.427024084972406,5.609648479088678,4.780489530491003,6.370900009921418,6.900612548906663,7.72209564172611,2.876806419737607,3.7112972958388304,4.9350892538235,6.358418083175463,3.0848461267540723,3.9845003184085184,7.640037909944898,8.436327937356662,0
59,Erie PA,51138.80536547979,15.075200569764762,25.54576070088877,9.208208385633515,399256.0,399256.0,3.2768449315727253,87.74445468571544,5.066423547798906,0.1878493998837838,1.300168313062296,0.0155288837237261,0.224166950527982,2.18456328771515,79.6943907156673,5.487766034712445,5.815770543783668,4.990320926205282,5.990880905348901,6.832947270675843,7.8353757822368335,3.350294111450961,4.241840984555843,5.372064276049417,6.155317762398053,3.0902428860256217,4.111018259863372,7.256207463704508,8.46288203735457,0
60,Eugene OR,52185.38730351026,17.15977758941539,29.65490588342275,12.09238883331818,637247.0,637247.0,7.897251772075819,82.96217950025657,0.8491212983348685,0.9359008359395964,2.840656762605395,0.1861130770329244,0.1644574238874408,4.164319329867382,22.24605003291639,4.928455925874816,4.76567758669827,4.383450109529924,5.835046563808962,6.520481104475259,7.297920183600361,2.441571725640885,3.658132874700165,4.623874972527899,5.9170610547773785,2.709846141190753,3.7915061894226905,6.175420669979876,7.122567192503422,0
61,Eureka CA,47577.01609202435,20.01757603545774,27.67891389476125,9.43206044225606,163435.0,163435.0,12.941536390614006,72.26481475816074,1.3675161379141554,5.021568207544283,3.0195490561997125,0.2912472848533056,0.2159880074647413,4.87778015724906,58.98697107339229,4.341664620820465,4.243926467901178,3.8427672787350016,5.0517526120830505,6.038993602516745,6.654541824169457,1.575534319919852,2.7846756050433905,3.6419101560878526,4.91946276065481,1.894246090206096,2.841004689264812,5.913141178400429,6.909556686439002,0
62,Evansville IN,53022.991805044905,14.519077264139762,21.168438371279667,7.62795188319557,737893.0,737893.0,2.659193135048036,89.34222170423082,4.819533455392584,0.1286094325329011,1.032941090374892,0.0525821494444316,0.0906635514905277,1.874255481485798,54.273762320154056,5.897524299196864,6.040730831341398,5.318478152005084,6.407405000234405,7.378959465010043,8.340867541839238,3.533928860486085,4.647647630420387,5.50397353608584,6.461549910194381,3.410609074450468,4.463433271213734,7.429358511599441,8.608600531215123,0
63,Fairbanks AK,74464.6518431617,9.001403783530849,30.29818878996064,12.010341471916805,109106.0,109106.0,7.675104943816105,67.2098693014133,3.9457041775887673,10.877495279819623,2.9045148754422305,0.4692684178688615,0.122816343739116,6.7952266603119895,,5.460085671078298,,,,,,,,,,,,,,2
64,Fargo-Valley City ND,60519.22575913227,11.45907358356483,29.838027030368742,8.561598234751429,641489.0,641489.0,3.4025524989516582,87.10094795078327,2.799112689383606,2.7663763525173466,1.5571584236050813,0.0974295740067249,0.0723317157425926,2.204090795009735,21.4274144464114,5.66835180420759,6.059062345316295,5.113323896716514,6.166774479872147,7.070129079541831,8.100059411950669,3.5266351678707144,4.700177674229951,5.559248055337712,6.570443299115856,3.376681133151392,4.325419561250885,7.609833136379879,8.757796085164005,0
65,Flint-Saginaw-Bay City MI,49368.81146760811,17.099000722988787,20.77545795562704,7.635096273750324,1137831.0,1137831.0,4.368223400487419,80.81446190163565,10.824278825238547,0.4878580386718238,1.0102554773072627,0.0119525658907166,0.085425691513063,2.397544099255513,30.94202984042812,5.248038688809994,4.95880411858376,4.489940736518431,5.721588603638753,6.667919308601473,7.718678286832199,2.3987091229665696,3.4502861496917507,4.205129913618729,5.365328221459643,2.8164808579292706,3.760751292430128,6.486097090323434,7.524654388511787,0
66,Florence-Myrtle Beach SC,43732.29640748726,20.001008186995424,19.97724548099925,7.005911501816228,794096.0,794096.0,5.102783542543975,56.697678870061054,27.80960992121859,7.563695069613749,0.9977383087183416,0.0338749974814128,0.1785678305897523,1.6160514597731257,42.62879951589628,4.679169785023046,4.813250973155143,3.993924208187775,5.139842520882082,6.131461423393153,7.148604954457562,2.6443782177756794,3.421580627665463,4.243289923710929,5.398977355480596,2.418302713610652,3.295802469339722,6.160380275359429,7.045318690657872,4
67,Fresno-Visalia CA,53478.3591955304,22.097885857306803,17.815542710961964,5.919830702987457,2041345.0,2041345.0,56.64402636497016,29.97670653417232,3.5078832828355813,0.5642848220168566,6.999012905706777,0.1407405411628117,0.1695450793471951,1.9978004697883007,24.82990413841477,4.535509641670245,4.319086085117166,3.9225952022199886,5.097661240919629,6.003577858461673,6.938955732434295,2.017996506031944,2.931887311577805,3.794867686853525,4.912437524035861,2.1190775140749,3.077671060496457,5.649225830326469,6.564629246807961,1
68,Ft. Myers-Naples FL,58915.95886004233,13.071554395729972,28.679233768499984,11.084019807059484,1381139.0,1381139.0,22.515619354749955,66.76518438766844,7.632975392049605,0.251821141825696,1.4105748950684904,0.0328714198932909,0.2170672177094412,1.1738861910350804,30.125528267359183,5.60297330073686,4.769248371518973,5.19607231326196,5.936154811898468,6.873686761440378,7.915105092712183,3.750566068778854,4.355748712441226,5.267273412480138,5.830127968314455,3.6108600748457302,4.174170476497674,,,0
69,Ft. Smith-Fayetteville-Springdale-Rogers AR,52224.065530592175,15.549105424544582,25.96557596099267,9.17134103561217,872478.0,872478.0,13.522289387239564,73.6940071841353,2.8329654157468727,2.5335882394742333,2.8391546835564907,0.8134302526825892,0.2083720162571434,3.556192820907805,23.98689804088092,5.540188947796154,5.321077277259306,5.133902411455551,6.018411509306873,7.11975042055266,7.989075300643178,2.730848130859583,3.792796988143787,4.8629241183976415,5.925452097212921,3.1045845191266346,3.9746302270359375,6.913954796518127,7.794319829965408,0
70,Ft. Wayne IN,55304.77452083984,12.071040193425436,23.00194245528004,7.765886509254619,730236.0,730236.0,5.820036262249465,83.40865144966833,6.111311959421338,0.1806265371742833,2.1593019243094016,0.0299903045042972,0.0896970294534917,2.2003845332193976,40.47546626306024,5.505789299008305,5.670261405428661,4.939290856005045,5.952773625696676,7.09419924345711,8.088311453081486,3.1944525252351905,4.044548171551756,5.1213766729546615,6.233444023139756,3.0037674357927795,3.8242390141105767,7.334300927229382,8.290366102602999,0
71,Gainesville FL,47421.92796749592,21.048648011489657,35.44523319536616,16.858972876731336,340388.0,340388.0,9.210959258258224,65.71588892675418,17.22064232581642,0.2629352386100567,4.849172121226365,0.0484740942688931,0.2688108864002256,2.4231171486656407,34.838310251875086,5.682364679475708,4.738940615215647,5.221813781518374,6.131276288335923,7.06539031947816,8.233602207353064,3.553855556364333,4.358866450291224,5.28024033626735,5.852240221220169,3.612858025847375,4.26833414277211,,,2
72,Glendive MT,58492.386429112965,10.831274408225074,21.52213922269135,6.170834686586554,13190.0,13190.0,2.691432903714936,93.24488248673237,0.5382865807429871,1.6072782410917363,0.6292645943896892,0.0,0.0,1.288855193328279,,5.368789886137551,5.052092089894972,4.466932614518743,5.861506563980271,7.047265065883289,7.891264045757911,2.378104969241179,3.491727634013457,4.505646997598056,5.492621410797111,2.909897735942581,4.08265640751229,7.056557123850423,7.352858194625947,0
73,Grand Junction-Montrose CO,53084.02087537869,14.944297155102545,26.707044580033426,9.087591474540789,223469.0,223469.0,15.766392654014652,80.37982896956625,0.5293799139925448,0.6945034881795685,0.8999011048512322,0.1226120848976815,0.0572786382003767,1.5501031462976969,82.95652173913042,4.229042469915028,3.995795039542368,4.978876286451297,6.279718579577019,,,2.605674582192924,3.465440660874405,4.320637303691866,5.49655569696006,2.96161864154515,4.045623500623843,,,0
74,Grand Rapids-Kalamazoo-Battle Creek MI,59223.32980815169,12.642438324199404,28.681006106724727,9.8585116599588,2063818.0,2063818.0,7.964268167057366,80.00361465981982,6.810968796667148,0.3121399270672123,1.9556957057259887,0.0223856948626283,0.0910448498850189,2.839882198914826,15.776607338032637,5.649802502615973,5.478137631180104,5.181102726454294,6.023107814900787,6.991614089858205,7.940290290264135,2.832321187914752,3.887639876226403,4.976005779037761,5.944958730574965,3.269143185045136,4.199480461911248,6.999642512119563,7.901899794234896,0
75,Great Falls MT,48324.464727553626,16.360083058507392,24.612505737386577,7.002259647636197,168290.0,168290.0,3.613999643472577,78.24350822984134,0.7689108087230376,13.54328837126389,0.4753698972012597,0.1782637114504724,0.0855665814962267,3.091092756551191,13.698924731182794,5.386676326663032,5.396120428919216,4.942856740670292,6.42212341287668,6.823928846261245,7.827605337997928,2.714368958745603,3.738046387232687,4.854070940305684,6.573440601419177,2.8639356585397757,3.887462687510358,7.008328404116268,7.906863886902228,0
76,Green Bay-Appleton WI,60976.64197135912,9.674368401768133,25.49450883603542,7.601093671604575,1137814.0,1137814.0,4.999850590694085,87.69016728568992,1.495235600897862,1.6928074360132674,2.2298020590360115,0.0242570402543825,0.0815599034640108,1.7863200839504525,9.094037453573536,5.748255185997391,6.051733041160724,5.190186868484615,6.362197040576755,7.301083573734241,8.384097107151925,3.093602862427639,4.338157284510686,5.377112697077363,6.700852545923881,3.007885868876605,4.147769003984718,7.883105315189764,8.848911909806551,0
77,Greensboro-High Point-Winston Salem NC,49991.924584215805,16.15716467878295,26.377735134026093,9.011509789959408,1810735.0,1810735.0,9.474936973107608,65.19242186184063,20.369684133790976,0.3328482632743057,2.431940620797632,0.0488751805206173,0.2404548429229014,1.9088381237453296,21.57720473331072,5.348654354730695,5.419698675487566,4.853531485494717,5.797018631717601,6.773266582764464,7.717108109188006,3.015029151453568,3.961832526054957,4.963600325462286,5.886468903846588,2.9992355677346767,3.9500204276718462,6.910458303751457,7.815850905350174,0
78,Greenville-New Bern-Washington NC,47421.395810447735,18.082081350378964,22.887352132757428,8.11473316229085,814741.0,814741.0,9.103261036329338,61.00736307611867,24.936268090104708,0.3548366904329106,1.4465946846912086,0.0713110055833694,0.1341530621387655,2.9462123546010326,33.745536106405666,5.208986149512179,5.119291886605335,4.809241422542632,5.740614728816999,6.569378453635037,7.540731844287236,2.7551998221167837,3.631752819483812,4.6875870713983625,5.774469868351283,2.8748027301298893,3.8883739870954814,6.515256721580196,7.5290927545485635,4
79,Greenville-Spartanburg SC-Asheville NC-Anderson SC,51248.14126004546,14.50185598416986,27.705422817840265,10.3166819143835,2307758.0,2307758.0,6.306163817869985,76.2163970398976,13.385155635902898,0.5859366536699255,1.4530553030257072,0.0862742107274679,0.1488024307574711,1.818214908148948,22.177520152851347,5.4867847534068295,5.543415627630044,5.121141976998013,5.91972593302894,6.87106696361024,7.735894126634724,3.132420395704309,4.103173992085322,5.064436194683331,6.061603002984189,3.1507794280533115,4.182127312574691,7.018011995542961,7.94387330877186,0
80,Greenwood-Greenville MS,31720.025916100323,31.398802826409828,17.916375803384447,6.707909074132024,189226.0,189226.0,2.5128682104996143,32.59805734941288,63.678352869056056,0.1627683299335186,0.542208787375942,0.0058131546404828,0.0422774882944204,0.4576538107871011,72.76840866751641,4.090750325409888,4.134588483587908,3.539945044936189,4.53427697112683,5.696849741860435,6.303775430424844,2.3926866525061583,3.2332491514997668,3.8025135391514793,4.5457256555791545,2.1826772996055217,2.7355526352381343,5.203135072348452,5.958102762831117,4
81,Harlingen-Weslaco-Brownsville-McAllen TX,39101.35487351267,29.63427699970078,17.691620953550657,5.238645687657717,1362508.0,1362508.0,91.6655902203877,6.835409406770456,0.3991169226162341,0.0816141996964421,0.7959586292337365,0.0088072877370261,0.0874123307899843,0.1260910027684241,41.15038332293064,5.564579993040614,4.828813727719328,4.4964492795414825,4.986689375447959,5.926531641796417,6.820440718779969,3.660853530905529,4.463042984123006,5.469073574737192,5.676523620671234,,,,,1
82,Harrisburg-Lancaster-Lebanon-York PA,65083.94399350823,9.919493898889607,26.882072057690788,9.865505949013768,1870676.0,1870676.0,8.200618386080754,81.6624578494619,5.713014974265987,0.1099067930523511,2.358772978324413,0.016197353256256,0.1079288984303,1.8311027671280329,20.389073603923222,5.5885752832769695,5.733733902333505,5.189813940244428,6.23963780163551,7.101196878038899,7.942829987953275,3.376456343469232,4.392808892750153,5.326037634854925,6.293515418216367,3.386240145416789,4.3101559903439846,7.358274423801001,8.392778316243666,0
83,Harrisonburg VA,61412.596739425,9.017265467782662,24.05958967066128,9.119682280917775,162364.0,162364.0,4.768298391269001,89.89123204651277,3.2082234978197137,0.2537508314651031,0.6300657781281565,0.0905373112266266,0.1441206178709566,1.0137715257076692,58.405739732805536,5.413257369767565,4.786659076375527,4.775745081241859,5.744501108404919,6.711296086612609,7.66266618410741,3.1758316340759287,4.030198806269496,5.244739628796039,6.44099453063345,3.212087299542452,4.03105909059162,5.782599757657488,6.074103950849318,0
84,Hartford & New Haven CT,74569.58310440918,10.292990856100042,36.25733092004066,16.190639250792202,2631148.0,2631148.0,14.755688391530995,68.76063224113581,9.648183986609649,0.1707619639792212,4.18611951893242,0.016000620261574,0.2520192706757658,2.2105940068745658,14.55293184179176,5.764195940461683,5.668809139141535,5.224717425321242,6.241374532968991,7.270193275522943,8.255356291909605,3.1728064939139218,4.166697670773406,5.159946655750392,6.145291580444486,3.2371317680316416,4.2464610394822895,7.166808319103772,8.104244547840766,2
85,Hattiesburg-Laurel MS,43523.897653126536,22.33209653226609,23.00674965790458,9.107169397450813,298397.0,298397.0,2.7480169036551976,63.30861235200086,31.88537418271632,0.1112611721967714,0.6069095868926296,0.0227884328595796,0.0613276943132806,1.255709675365369,80.10009763201005,5.419847481965756,5.448273087278543,5.140897548378951,5.774622979295324,6.435509845090016,7.635907399240643,3.4274402237627517,4.188677001148168,5.130878284635209,5.769519324487052,3.4008483656100044,4.336168937746424,6.636097915340076,7.765977184148168,4
86,Helena MT,65372.06894915254,10.216202714329327,39.03686751158721,14.458526453449238,73750.0,73750.0,3.282711864406779,91.6135593220339,0.2508474576271186,1.5376271186440678,0.607457627118644,0.063728813559322,0.0216949152542372,2.622372881355932,,5.991726523752179,5.559490196593615,5.490466897363512,6.488725032426787,7.901389975336383,8.560109975735388,3.238446127797284,4.414827868356951,5.57186617246284,6.794005389553749,3.354707315070822,4.518639191529045,7.7689865574986,8.582918685340918,2
87,Honolulu HI,81878.30565068132,9.438701791091358,32.97727604594136,11.247576799714,1422094.0,1422094.0,10.485804735833216,21.990248183312776,1.7141623549498135,0.1575845197293568,36.88989616720132,9.36014075018951,0.1529434763102861,19.24921981247372,13.710070242097888,5.154189086708882,5.138562322320724,4.707741742208903,5.630468838206098,6.5498374143395575,7.458187250277196,2.9722330628323324,3.843017866895962,4.715896867781253,5.595134958662672,2.869984918615205,3.796012776896892,6.461850657659747,7.328255494183685,3
88,Houston TX,68025.82137906452,13.818097667390653,32.07962398613327,11.557419307382045,7232758.0,7232758.0,36.74884463160526,37.16428781386022,16.71349988482955,0.2090903635929752,7.349105279065053,0.0479899921993795,0.201181900458995,1.5660001343885694,16.525659346592523,5.912319620014188,4.769723020479141,4.488749860788525,5.500443075463847,6.447832480757596,7.288426470648293,3.402176105631774,4.40648890050306,5.163477447417285,6.101961766796297,,,,,2
89,Huntsville-Decatur (Florence) AL,54425.09767716248,15.259537640317136,27.589006713585366,10.172674980854262,1040796.0,1040796.0,6.743972882293936,74.75288144842985,14.019942428679588,0.7346300331669222,1.31255308437004,0.0774407280581401,0.1372987597953873,2.2212806352061305,31.692148634973623,5.044177447213199,4.764331638262357,4.502595565399289,5.497714505536687,6.400860316143181,7.449856738140832,2.462398532946485,3.367815480501075,4.2126869029050615,5.331459253603269,2.727227435457543,3.6402050871224394,6.09431640725446,7.14830225824576,0
90,Idaho Falls-Pocatello ID,56793.455069095,13.424019118664804,30.05200266938641,9.204766281788151,391490.0,391490.0,12.160208434442769,82.77529438810699,0.4168688855398605,1.5206007816291605,0.9857212189327952,0.1236302332115762,0.0906791999795652,1.9269968581572965,27.56219119226638,5.699654386699064,5.717342117499392,5.0475326922616,6.129653719084653,7.279829803915096,8.140839467525437,3.110362670849034,4.20151275204268,4.985112701234256,6.339089774069387,3.256531948322134,4.241665512776525,7.323835139804954,8.25971242641902,0
91,Indianapolis IN,60033.93715081204,13.5893301760312,31.031612706169824,11.29235389940949,2960261.0,2960261.0,5.9937958173282695,77.12613853981118,11.329507769754086,0.1906926450066396,2.933254871783265,0.019727990200864,0.2083262252889187,2.1985561408267715,14.958225530155351,5.750076593126177,6.052015120103235,5.233728313344706,6.285972372491794,7.274187098242789,8.220154267733978,3.548485836667865,4.592656825714703,5.551335417143841,6.589207194334836,3.2454710268220666,4.263203449430315,7.518327783353304,8.541204395725678,2
92,Jackson MS,47567.72776946502,20.097295392676703,25.13006398702086,9.796804448857468,911584.0,911584.0,2.5178151437497807,46.19157422684032,49.32118159160319,0.2947616456629339,0.881213360480219,0.0197458489837469,0.1111252501140871,0.6625829325657318,35.64197387343167,4.9573024023633545,4.793633488951093,4.665634582111057,5.308488997886816,6.271468092717292,6.95589377337127,2.978144848506723,3.739486716953973,4.594084824731532,5.0872987561899246,2.944571778029409,3.735309893493923,5.98475763097783,6.538284693411481,4
93,Jackson TN,45811.930218811125,18.511113432108345,20.251424220204186,7.329093575497772,208079.0,208079.0,3.1055512569745143,72.78149164500022,21.232801003465028,0.1076514208545792,0.6699378601396585,0.0206652281104772,0.173972385488204,1.90792919996732,73.60399234998803,4.806418292563987,4.3905533704145805,4.245604129966995,5.390331590090403,6.275520859404275,7.213130534196945,2.5704704331470345,3.33666115613379,4.079986066766886,5.321105445634817,2.4731081252968385,3.255728208661518,6.298827112265813,,4
94,Jacksonville FL,58904.50622598307,14.070654031982352,28.44155185810926,9.935438865152497,1913754.0,1913754.0,8.376625208882645,64.51665156545721,20.77184423912373,0.2725010633550602,3.1508229375353367,0.0542911993913533,0.2806525812617504,2.576611204992909,21.18675728525929,5.769217014003867,5.328081277388199,5.411162068483455,6.270244797453063,7.061440402163032,7.965003650362147,3.917670592587147,4.756444132644406,5.59212107219191,6.479514460547466,3.712267951338854,4.442164855696148,7.170887182061897,8.692309098202914,2
95,Johnstown-Altoona PA,51412.85685422702,14.767985060305842,23.420711472138763,9.245461143249976,744898.0,744898.0,1.9032135943444608,92.22014289204697,2.558873832390475,0.0970602686542318,1.6970108659172127,0.0237616425336086,0.0992082137420156,1.4007286903710308,18.53587383466226,5.687639700420976,5.849183218230412,5.151605779554409,6.136926924949147,6.899734416008364,8.189888840594776,3.667507780792992,4.612987563912864,5.444686469016496,6.457701190700218,3.540887928844324,4.278847473556132,7.388451490153425,8.35873871164717,0
96,Jonesboro AR,44119.96835742965,17.31728832890774,19.463453815261044,6.937188755020081,232124.0,232124.0,3.591614826558219,85.56116558391204,7.442142992538471,0.308025021109407,0.7487377436197895,0.0348951422515552,0.2033395943547414,2.1100790956557702,104.13299232736571,5.013785523556006,4.693280327100897,4.558237890608987,5.748617602692573,6.532090107206721,7.394950863349498,2.340772347513833,3.2207395016153013,4.163205165393812,5.313934707547925,2.421165821687129,3.4349765264594025,6.061383982325202,7.067680609089773,0
97,Joplin MO-Pittsburg KS,45849.5649681417,17.091497467478515,20.783147384513832,6.96957166648331,399111.0,399111.0,5.883576248211651,84.65564717584833,1.574248767886628,2.59551853995505,0.9954624152178216,0.3913698194236691,0.0518652705638281,3.85231176289303,51.94482193064666,5.282460638822664,4.895002546511955,4.771396223013176,5.762271689468605,6.740573998770206,7.662494550738356,2.63992094164374,3.810155389984637,4.47848773242617,5.545730423844776,2.8131779490971045,3.8846675611114234,6.782690052844207,7.683454420659301,0
98,Juneau AK,88390.0,7.677060063555989,38.41141793360223,13.855768804574264,32227.0,32227.0,6.783132156266484,64.67868557420796,0.9805442641263536,10.255375927017718,6.451112421261675,0.9929562168368138,0.0465448226642256,9.811648617618768,,5.556726898612821,,,,,,,,,,,,,,2
99,Kansas City MO,66188.72881681634,11.356244532980565,35.926419497389595,13.46303436954177,2508275.0,2508275.0,8.436634739013863,74.55131514686389,10.752250052326795,0.4060958228264444,2.7443960490775536,0.176017382464044,0.1808812829534241,2.752409524473991,17.89506439328666,5.64551159816381,5.444172885707443,5.202296718229705,6.1323882125703,7.118154730540911,8.17021574962976,3.113230142108556,4.087811642773828,5.262935653011462,6.19587885148158,3.134556829626544,4.115156390315014,7.186016595380499,8.667074657552249,2
100,Knoxville TN,49905.36834044463,16.478951714436853,23.87377193009651,9.34795391437432,1381605.0,1381605.0,4.031325885473779,88.36454703044647,4.204313099619645,0.2856098523094517,1.1483021558260138,0.0527647192938647,0.1149387849638645,1.7981984720669075,24.27152070821582,5.487692501524812,4.818246103782242,5.029496114803059,5.977456192350183,6.973496480096297,7.9131971137946255,2.6792679057147937,3.680540164997472,4.750864237133435,5.815833837289837,2.9742872183736564,3.873033450363272,6.81582106427376,7.62876101319123,0
101,La Crosse-Eau Claire WI,57662.50685706993,12.107506350478204,25.7677837515676,8.757962178874307,611194.0,611194.0,2.7604983033210404,91.61182865015036,1.191438397628249,0.5304371443436945,2.2645837491860195,0.0768986606543912,0.0420488421025075,1.5222662526137365,12.693292459478204,5.738672160068941,6.0076935945538885,5.314082533258311,6.201988679064496,7.138524285429229,8.28367202729385,3.144143578582161,4.338012956399971,5.555058331849941,6.442000786139989,3.109033546753585,4.246375960108301,7.647929713599423,8.773566639284553,0
102,Lafayette IN,52972.17333066973,18.47316068629112,37.543319214478245,16.65248811240161,200230.0,200230.0,8.19058083204315,76.55046696299256,4.991260050941417,0.2437197223193327,7.749587973830095,0.0364580732158018,0.155820806073016,2.082105578584628,18.85929108485499,5.962527469697361,6.159867135080782,5.5909187419584745,6.079609512706357,7.253507765593467,8.300849263854342,3.767726614507101,5.030634698987648,5.886031412363539,6.165545663292724,3.77926879022924,5.02334835159604,7.713950661689527,8.693822332423833,2
103,Lafayette LA,48612.75587667446,20.51661591293508,21.355900084092337,6.446447394914189,638116.0,638116.0,3.656075070990227,66.28622382137416,26.495809539331404,0.2581035423026535,1.3533589504102703,0.0109697923261601,0.2394548953481812,1.7000043879169306,51.95835548467127,4.807978911816344,4.958460461354692,4.369263464151794,5.241517541401307,6.267122153991385,7.257934387186218,2.5901400250084463,3.594020175480166,4.494286122950636,5.482753157087323,2.339370994639121,3.5754729235833187,6.31832387331591,7.48131902647788,4
104,Lake Charles LA,51043.48887209174,16.631311958016127,20.31269010828568,6.732183742768973,271210.0,271210.0,3.932745842704915,70.03982154050367,21.95568010029129,0.4944507945872202,1.1699421112790829,0.0047933335791453,0.1434312894067327,2.259134987647948,97.6076845298281,5.057513126344858,4.813245095636189,4.481881792203552,5.404829741172751,6.531890140650416,7.80891762449641,2.385665955681153,3.464273831763183,4.425599015259842,5.263275802808956,2.582732936355834,3.673127689200912,6.27732068258292,7.1683598055620354,4
105,Lansing MI,56687.491822941454,15.19246840673928,30.538847369324884,12.269421454426238,682825.0,682825.0,5.68169003771098,79.23391791454618,7.822648555632848,0.3273166623951964,3.6208398930912016,0.0188921026617361,0.1140848680115695,3.18060996595028,23.868844056759208,5.383472296593553,5.11588168343393,4.914706291734306,5.789736167219379,6.705171083839631,7.611163404086347,2.8097082096570785,3.6785999960908113,4.594104096394717,5.523851205021944,3.1975561010381317,3.918582597219257,6.490917249780607,7.439850685806476,0
106,Laredo TX,45852.656978077335,27.8456164051039,18.56293061255224,5.059422963492841,287830.0,287830.0,95.41500191085017,3.5837126081367474,0.2734252857589549,0.0354375846854045,0.4950839036931522,0.0107702463259562,0.0378695757912656,0.1486988847583643,73.93757043047103,5.621826904086457,5.1850947480272245,4.643707315347735,4.999651514118432,6.036080819278412,6.822565428783357,3.880953864748693,4.811517364869002,5.820047590035762,6.144754210739829,,,,,1
107,Las Vegas NV,59098.51768535431,13.73116980995015,24.14047826736136,8.173282200794754,2231564.0,2231564.0,30.752019659754325,43.54385534091784,11.027512542772692,0.4847721149830343,9.373694861541054,0.676252171123033,0.359030706715111,3.782862602192902,17.53454129878902,5.214308676473883,4.897058412774747,4.810286194092174,5.605182445254564,6.577277576668763,7.472177118367111,2.6765896490388204,3.579283942438777,4.465915627059803,5.29883384997674,2.9939170027853064,3.866211238331495,6.233722128575088,7.166176489031155,1
108,Lexington KY,48517.21315343608,19.79704102771952,25.5197424783686,11.055279863110812,1289625.0,1289625.0,3.669516332267132,86.75715808859165,5.831462634486769,0.203470000969274,1.4012600562178927,0.047223029950567,0.1479499854608898,1.94195987205583,25.85769355361192,5.77802433181703,5.562224353184256,5.361598621799857,6.3312671507984986,7.169207882716154,8.130866164137474,3.202508191631505,4.182801314648765,5.166470078696906,6.040186560481861,3.368886797925694,4.320291512040866,6.93657197287823,7.862630139876462,0
109,Lima OH,56491.63804195992,12.193887806805344,18.91330610940823,7.33947702107691,148904.0,148904.0,2.680250362649761,85.29522376833395,8.39869983344974,0.1920700585612206,0.6782893676462687,0.0020147208939988,0.2196045774458711,2.53384731101918,130.0909090909091,6.050773193072069,5.281283543773133,5.439592319658454,6.762383227111413,7.715258382819263,8.18392702719105,3.60019089877347,4.648633857107717,5.76447627006244,7.205081692914898,3.8579457202477863,4.374090076153729,,,0
110,Lincoln & Hastings-Kearney NE,57707.07853609236,11.693462269047933,29.785051786410943,10.22304442850371,734172.0,734172.0,9.182453158115536,83.77301231863923,2.310221582953313,0.3762061206365811,2.198258718665381,0.0642901118538979,0.0813160948660531,2.0142418942700075,21.825828157349896,5.844686820391994,6.062852421110559,5.338157307584199,6.3718424446997455,7.232385543512979,8.087017398278771,3.4875466792459906,4.595872023980069,5.61224330525846,6.607948344929739,3.529157180725442,4.556327957096278,7.654190584405566,8.47026540587051,0
111,Little Rock-Pine Bluff AR,48594.63065811813,16.989180317795565,24.02650342271496,8.841928918942548,1448980.0,1448980.0,5.152452069731811,71.37130947287056,19.703515576474487,0.4113928418611713,1.1332109483912822,0.055901392703833,0.1423070021670416,2.029910695799804,22.91960024102881,4.886061238895401,4.698562920430446,4.378703302540618,5.384521091925204,6.282371157448271,7.337815558947757,2.3255406403336387,3.32723675265838,4.258029169449306,5.181375777282047,2.5433225380431868,3.533531904984232,6.106338906941592,7.133870135167622,4
112,Los Angeles CA,72036.31428177631,13.906723642348725,31.46703547759937,11.113502595154191,18675324.0,18675324.0,46.361353623637264,30.994825042928305,6.278118655397893,0.2620409691419544,13.17923051830319,0.254940690721082,0.2633314420676182,2.406159057802692,11.867338964239163,5.107477276511495,4.865056704105962,4.619019880550936,5.5373383363818505,6.4610198269626,7.419607879539328,2.4114758017681246,3.395555625708189,4.36745397122488,5.330255254905262,2.695725156343915,3.658095853078273,6.227811289542574,7.2082181759199315,1
113,Louisville KY,57549.73248309817,13.23692829055988,25.95741805565867,10.3540209097484,1744929.0,1744929.0,4.523908995724181,79.19966944213776,11.824206027867035,0.1816119738969321,1.7923365363289854,0.0527815171849399,0.1672847433907053,2.258200763469459,25.15613166054177,5.215817291661981,5.079630014859447,4.757320546411273,5.658150849953739,6.679764659031516,7.6440170374098,2.798064910246542,3.719827497947621,4.592218179898368,5.498727321897926,2.801822906444154,3.750837046512745,6.472862083367508,7.397877970787048,0
114,Lubbock TX,51613.80736947877,18.16668496367112,24.623642535947248,8.684570676999094,467740.0,467740.0,41.64236541668448,49.30089365887032,5.516312481293026,0.3298841236584427,1.5281994270321118,0.0540898789926027,0.1047590541753965,1.5234959592936246,26.21896912481877,5.340264246556851,4.467176807704347,4.003895831192364,4.818999957793848,5.991902520186085,6.703734856635274,3.274904935040964,3.987406073857681,4.975705882390464,5.564853484820905,,,,,1
115,Macon GA,46604.63164495565,20.78217764712664,20.97139773340529,8.70547760388559,661799.0,661799.0,4.149144982086706,52.13380497703986,40.1161077608156,0.1651558856994344,1.589606511946981,0.0208522527232588,0.1932610958916529,1.6320665337965157,44.69757355238252,4.815725771813957,4.773800374869029,4.380811909582974,5.188694546664024,6.183080418532317,7.348981654801601,2.3348555875202632,3.2706483752706283,4.5147557226734,5.164198620110338,2.571679417471428,3.367633185610225,6.088878460862135,7.435831625607701,4
116,Madison WI,67078.9092267104,11.120846257334934,37.2817584885035,14.34518313895516,1007488.0,1007488.0,5.776842999618854,84.25728147630542,3.731260322703595,0.3581184093507813,3.557858753652649,0.0287844619489264,0.0944924406047516,2.195361135815017,14.273949001616092,5.806117281980713,6.073784243930332,5.223370971238153,6.311230608260622,7.309152389927493,8.471408664487958,3.350730345797402,4.526125697455934,5.488175354552753,6.4996574838688606,3.205317062250338,4.2346147751520125,7.671811886603129,8.833331937351229,2
117,Mankato MN,57136.05977260511,14.39500072170288,27.558437214567817,8.522763819741936,122782.0,122782.0,5.888485282859051,88.39650763141177,2.386343275072893,0.2158296818751934,1.4985909986805883,0.0219901940023782,0.0480526461533449,1.5442002899447802,,5.591233602722725,6.3226824593048505,5.38021569848791,6.0859785419641135,6.570795440172438,7.689742590174648,4.1864531890490735,5.042204661785762,6.150505686076356,6.9502008088499885,3.667764676581597,4.4330387152098245,7.620549835667959,8.256697292103894,0
118,Marquette MI,48710.80072200474,14.908248971649549,26.006250210020497,8.845727342988676,213295.0,213295.0,1.5298061370402494,91.5258210459692,1.543402330106191,1.6770200895473406,0.9939285965446916,0.0309430600811083,0.0993928596544691,2.5996858810567525,51.04076086956521,5.665008186074939,5.545600310223726,5.124334907237927,5.992227783150545,6.5998003447451925,8.375353084423406,3.21221742184764,4.001330082589368,4.9009314126705625,6.026706941149594,3.513731814216025,4.333496281955632,6.905429525870605,8.16557811974724,0
119,Medford-Klamath Falls OR,49524.36151597585,16.8301321501401,23.7850072128538,8.95886186141372,443701.0,443701.0,11.414218133382615,81.43930259341313,0.7025001070540747,1.730219224207293,1.1651990867723985,0.2116290024137876,0.1147168926822342,3.2222149600744645,27.89163081651088,4.953469227854006,4.707106598925395,4.546854843548221,5.608970793061617,6.681599765909125,7.924242653689748,2.20963665136357,3.384366843093507,4.374700714936645,5.390795033508796,2.31843340437646,3.433059521738644,6.482005892064908,7.503816894916962,0
120,Memphis TN,49958.76218473326,18.54367852156576,25.063701096922696,9.69031278563572,1857673.0,1857673.0,4.868187242857058,49.05222824469107,42.2496316628384,0.1620306695527146,1.6618640632662476,0.0292301174641608,0.152287297064661,1.824540702265684,32.491903894835005,4.794860775543118,4.682064983503712,4.378648728964684,5.332136796891732,6.172922626486662,7.105828374696319,2.783691367571726,3.6597163721068418,4.535286174401079,5.371784487760814,2.4009420501315595,3.529121483351541,6.210345849849083,7.207496318761888,4
121,Meridian MS,38633.83075120792,23.405704703847967,16.630580385350935,6.215826853248187,178406.0,178406.0,1.7028575272132105,52.59464367790321,40.54964519130522,3.6349674338307008,0.6014371713955808,0.0044841541203771,0.1412508547918792,0.7707139894398171,181.7142857142857,4.6533596669332935,4.729859828052068,4.148721502828448,4.9802845536244105,5.999210498648788,6.680307415733739,2.666187740540233,3.885004116622732,4.276752792839638,4.841489695145312,2.597348469571617,3.498136921462396,6.113211770524092,6.588437881543104,4
122,Miami-Ft. Lauderdale FL,55007.85186148643,15.34250574010921,30.93970169513475,11.491218550852544,4701431.0,4701431.0,51.93425150767925,23.504694634463423,20.470512063242023,0.1197720438734504,2.3292908052888577,0.0352658584162992,0.3901152649055149,1.216097822131177,19.1976860656286,5.984957917015046,5.223466661456084,5.570784065722479,6.403933471063402,7.281266338395786,8.133857151124666,3.992040144911648,4.8406974786291705,5.675346387940694,6.388788219948009,3.7652637866184366,4.801641588493661,,,1
123,Milwaukee WI,63671.61827917994,12.407613345490512,32.11785249701287,11.196277412508977,2330017.0,2330017.0,10.52060993546399,71.10231384577881,12.744284698351988,0.3378086940996567,3.095041795832392,0.0302572899682706,0.1425740670561631,2.0271096734487344,19.30023769100169,5.389945854082029,5.558224744543104,4.815334805641338,5.901261894730675,7.0855527650172325,8.061252052659857,2.767065109389987,3.829274749396048,4.966323116528776,6.114101784379895,2.6565212647370275,3.734331457745141,7.234463400460397,8.352972058491495,2
124,Minneapolis-St. Paul MN,75576.99562107673,9.159664391831672,37.3742449237134,12.81621816686956,4726276.0,4726276.0,5.442445595644436,78.81338288326792,6.916989189797633,0.7843172933616234,5.228746691898654,0.0296427885294891,0.159575953668385,2.624899603831854,14.161416599092307,5.743037354342422,6.383542690998684,5.271605794654572,6.186032853916248,7.15662805817065,8.09530041350087,3.786166438126679,4.8033254902252045,5.891061264940932,6.898207420056915,3.393291550296141,4.317459321288762,7.944565818009189,8.975796392951603,2
125,Minot-Bismarck-Dickinson(Williston) ND,68429.2805407494,10.282239700651132,26.41819348709712,6.730096341069867,416681.0,416681.0,4.237774220566813,81.35720131227487,1.9506528975403248,9.1657646976944,0.8222117159169725,0.0916768463164867,0.1463949640132379,2.228323345676909,63.63872964916303,5.153815369387748,5.34098622110435,4.770336068735756,5.788884735542965,6.637449423884894,7.55746684603936,3.0177064514384977,3.767914111833197,4.787974295877875,6.12660066576203,2.925282216317444,3.777741238180001,6.874250456318074,7.986494688272356,0
126,Missoula MT,53385.11279193206,13.47306768451186,33.992912945655135,12.00595053845905,308976.0,308976.0,3.241999378592512,88.65445859872611,0.4077986639739008,3.7161462378955,1.0483014861995754,0.0540495054632075,0.0792941846615918,2.7979519444875978,51.41266628108732,6.09416359077924,5.90088455397798,5.520242321952233,6.488035562522973,7.620991335681421,8.708297208610958,3.175750620643531,4.288221722488321,5.296655316941171,6.300354247406848,3.6921421208486143,4.522325212653523,7.626140072512534,8.694305300976465,0
127,Mobile AL-Pensacola (Ft. Walton Beach) FL,53739.69526716754,14.599442886544988,25.953141941072072,9.09177177492464,1444019.0,1444019.0,4.823551490665982,67.96738824073645,21.47284765643665,0.6928579194595085,1.9782288183188728,0.0671736313718863,0.2323376631470916,2.7656145798635614,27.702354251724,5.282556514149575,4.684067820799685,4.974042052016151,5.642292006188727,6.556864778389684,7.618849477621328,2.9227008671495915,3.853069502268969,4.851663693506969,5.417609483683997,3.1399120791994366,3.924251588005557,5.894535040120021,6.847011665533387,0
128,Monroe LA-El Dorado AR,38828.78077108147,24.76107103513641,19.461896762123025,6.3569595095440175,469678.0,469678.0,2.528753741925319,59.79735052525347,35.690196262120004,0.2405903619075196,0.6874922819463548,0.007877737513786,0.1860849347851081,0.8616541545484352,56.127197039777975,4.318273758662803,4.219376992200826,3.794046662357866,4.86330398306484,5.913799819232408,6.94580677208035,1.831658210922568,3.003834417244294,3.758657087092369,4.660079503329346,1.6639893951372988,2.88215277048284,5.556372390999649,6.6435444790880736,4
129,Monterey-Salinas CA,76272.13417162924,12.71027404679376,30.185028688342303,12.18799658732052,767748.0,767748.0,49.80214862168316,40.03110395598556,1.7820951666432212,0.1831330071846491,4.898221812365516,0.2886363754773702,0.164507103893465,2.8501539567670644,19.30023769100169,4.419619656506657,4.158745802742343,3.804712850084972,4.972429558619403,5.852888377605948,6.967064761887863,1.7692845648489972,2.618354905570363,3.618796064313272,4.479411810307109,1.7776660953171206,2.9137635216588293,5.62181909999971,6.646752706255724,1
130,Montgomery (Selma) AL,46977.28161967925,19.528998002381527,24.6495338006216,9.691020411972785,636447.0,636447.0,2.5216553774312707,49.46601995138637,44.8010596326167,0.1861898948380619,1.4068728425147734,0.0164978387831194,0.0930163862819684,1.5086880761477388,40.65765522775489,3.951443587690116,3.5907150798400576,3.4791042925871527,4.423813809647576,5.413830508939966,6.282430628411712,1.6012866680594346,2.330607697598125,3.1883594531365462,3.9471534034150086,1.7866122543129734,2.6328141899408632,5.005067415755434,5.839325127519479,4
131,Nashville TN,61450.03286805197,13.204256383722717,30.10099225810384,10.701522502322982,2881339.0,2881339.0,6.727427768825536,75.59304892621105,12.785479251139831,0.2391596407087121,2.1293919250737243,0.0748610281539242,0.2270819226755338,2.223549537211692,20.39734400087209,5.593472511006672,5.196153747196232,5.068943612552501,6.08234524483257,7.044160945049933,8.02058456184829,3.229800785283874,4.200529076684504,5.156609955939745,6.127112414291046,3.238091593112192,4.172279476927068,7.089352695906194,6.938475547959456,2
132,New Orleans LA,52190.66348385174,17.94447964963077,26.82144387715921,9.737983585886736,1758611.0,1758611.0,7.488296161004337,56.94533924784958,30.55803699624306,0.719545141023228,2.245749628542071,0.0114294747388706,0.2562249411609503,1.775378409437903,25.66766074965931,4.644513215460785,4.481221828540022,4.106669389638722,5.209252086952947,6.248717372205411,7.271284384095559,2.216309672064261,3.137025162314531,4.001378081938321,4.9710659129296735,2.096979999199951,3.059330196024452,5.9402607142605,6.7290258486366135,4
133,New York NY,81611.10172396642,12.581484993299089,40.29999612874223,16.993855509931464,21271644.0,21271644.0,23.94126189776399,47.792638876430985,15.205538415366483,0.1425230696790525,10.47004641484222,0.0280514284650495,0.6335852555636978,1.786354641888516,11.5829572330978,6.373331805666969,5.934170933097376,5.897565580415229,6.84206815410733,7.786730905907896,8.750187715601154,3.614117099608696,4.74370975309538,5.84543778373175,6.913633614650569,3.921421265122385,4.910518154522665,8.009774305125756,8.876476231214731,2
134,Norfolk-Portsmouth-Newport News VA,66184.61265375737,11.77992880716898,30.69050295780848,11.838135714099476,1924867.0,1924867.0,6.624042076673349,55.42128365232507,30.40012634639173,0.2517057022641045,3.4038715402155058,0.0858241114840661,0.2519654604707754,3.5611811101754043,22.605354164829823,5.479468041761224,5.017123460375596,5.064555194273964,5.822585972803268,6.69498511179194,7.506586505800525,3.638083533222539,4.510963931465436,5.420342226028104,6.060276909566185,3.504943864593609,4.385940334401034,6.710573763728852,7.500003095806864,2
135,North Platte NE,58874.16050686378,10.158335756390262,23.262200779365376,8.59528669511969,38827.0,38827.0,8.094882427176966,88.43330671955083,1.146109665954104,0.3528472454735107,0.7855358384629254,0.0283308007314497,0.0952945115512401,1.0636927910989775,,5.497654200829764,6.131788642406055,5.574841870700184,5.781763530860637,6.412406138281847,7.366637430911197,3.960612636130442,4.662577190669675,5.828587244424481,6.411602195458244,3.390930953519697,4.28295379534134,7.368325138687549,8.362602585600985,0
136,Odessa-Midland TX,67124.49904185791,11.901633557547116,19.55351472151559,5.907286207728074,472790.0,472790.0,53.72427504811862,38.75695340425982,4.532456270225682,0.3743734004526322,1.2813299773683875,0.0416675479599822,0.1154846760718289,1.1734596755430529,73.60399234998803,4.582414664070216,3.7382330424243335,3.3738249997766427,4.262597257571518,4.983958375656106,5.893080138356535,2.680555072109478,3.4066391228337367,3.935053222192261,4.9074425166500175,,,,,1
137,Oklahoma City OK,56024.203498836345,14.910286429609863,27.83205470102754,9.790937298568016,1945161.0,1945161.0,12.093549068688915,66.93600169857406,8.00823170935465,4.4912477681796,2.5359854531321573,0.1578789622041568,0.1426617128350815,5.634443627031387,21.982009657944943,5.118389230705093,5.108418143915662,4.668082214282275,5.675703059782259,6.556810182894661,7.539207048895018,2.752411888133792,3.7537472018474527,4.675496511215672,5.604466093600279,2.81465958094922,3.739949953599522,6.6252608041462855,7.531087596614489,0
138,Omaha NE,65756.89864858995,10.487934293873336,33.151364829534394,11.244522533233036,1151094.0,1151094.0,10.704946772374802,77.69530550936761,6.285411964618007,0.4076991105852345,2.4524495827447628,0.0569892641261269,0.1094610865837194,2.2877367095997374,14.422293933692112,5.576650813194758,5.704585215194236,5.153835905134269,6.060239177174866,7.052174963086603,8.072845973351388,3.288407067289805,4.254922512262591,5.215927981647655,6.186466638974452,3.167596629961759,4.06659305613981,7.139934263390642,8.265586491879487,2
139,Orlando-Daytona Beach-Melbourne FL,55853.69039031032,13.499878779499303,29.52716693967034,10.327780541600742,4219335.0,4219335.0,22.99876639328236,57.551770598921394,13.252420108856017,0.22197810792459,3.250441124015988,0.0569047018072753,0.519797551035886,2.147921414156496,19.99598001113163,5.592470345620283,4.728246238615292,5.172698425330394,6.062022791680128,6.851701287044984,7.749182813856248,3.645214397380384,4.388922663142309,5.056406532552633,5.904152772486189,3.510897687206666,4.304231166066706,,,2
140,Ottumwa IA-Kirksville MO,46410.865342146426,15.644002652880213,21.51835443773909,8.911524284601342,130412.0,130412.0,5.118394012820906,87.95816335920007,2.78962058706254,0.1986013557034628,1.565806827592553,0.2315737815538447,0.2637794068030549,1.8740606692635648,,5.010901535239148,5.060813309569055,4.502162221125399,5.49435656773729,6.3625503206831615,7.160723848262638,3.0571265951548647,3.654745350228089,4.627877645318068,5.499540122638308,2.9996765531586527,3.320782986963561,6.844141826389135,7.548248225101821,0
141,Paducah KY-Cape Girardeau MO-Harrisburg-Mount Vernon IL,44677.00676510341,18.72920856929376,19.25536066427574,7.612135852460987,980325.0,980325.0,2.7811185066177035,86.73613342513961,7.434065233468493,0.2532833499094687,0.8076913268558897,0.0519215566266289,0.0726289750847933,1.8631576262974008,39.562200956937794,5.408058432179833,4.991090576004912,4.807686599844903,5.891787797425208,6.856948391351271,7.798328575257615,2.921496745632381,3.7516066842770495,4.582265162150099,5.8261878918663,3.104605588362971,3.971000312665028,6.469311855134092,7.455060362194078,0
142,Panama City FL,49950.13097912178,15.931227422114782,20.761328792867133,7.346229387743568,392658.0,392658.0,5.705983323910375,76.89694339603422,12.226925212271238,0.5215734812483128,1.401219381752059,0.1186783409481024,0.340245200658079,2.788431663177626,108.82299986462704,5.829509595655096,4.760045471373076,5.324235314808666,6.205121568395863,7.245704560006814,7.995142573094682,3.683601855489794,4.379903467807708,4.93212513906316,6.10312836293388,3.80413147659291,4.4460831533166205,,,0
143,Parkersburg WV,48854.06378051653,15.585961533317285,20.15354208224292,7.439196237395458,152868.0,152868.0,1.2186984849674227,95.14940994845226,1.2886935133579298,0.4140827380485124,0.5390271345212864,0.0333621163356621,0.0510244132192479,1.3057016510976789,72.26767676767676,5.706153638947135,5.254214774663719,5.38736511679447,6.251775681956648,6.994895745932884,7.701600819528937,3.0532496235517943,4.028722891945876,5.093447896102917,6.080664039446096,3.531334601804976,4.135777186205053,6.663264495940277,8.151023824521493,0
144,Peoria-Bloomington IL,61370.383378252576,13.076294322473068,30.7609825302298,10.642584950970113,634843.0,634843.0,3.895923874091704,82.85024801407592,8.08562116932848,0.1704358400423412,2.876931776833012,0.0111838675073994,0.0860055163245085,2.0236499417966334,33.78030322953924,5.63561194810995,5.412275864476762,5.15813199869496,5.995649265888805,7.181018766513596,8.300365415250333,2.725940411821962,3.821087551505741,4.817185174375346,5.800071195091465,2.887855262866433,4.121068212175804,7.077648582178268,8.058343112282182,0
145,Philadelphia PA,72207.72221847207,12.305287149673951,35.85156566140418,14.534273106714348,8118182.0,8118182.0,11.895631312527854,61.918505892082734,18.083445283685435,0.1460425499206595,5.566049147456906,0.0228006713818438,0.2186080578139292,2.1489170851306363,14.684494030492,5.269702039222559,5.224510156044532,4.955699552917498,5.815512658096342,6.775797871328106,7.406002175960596,2.954407269713608,3.9708452938532783,5.00920795526135,5.994888669946967,3.04506771798314,3.991705116624882,7.045446795613548,7.379230189149065,2
146,Phoenix AZ,61773.20499119712,14.318660936257292,29.86708874597968,10.98878976258572,5569766.0,5569766.0,28.808732718753355,56.942787183519016,4.578414963932057,3.513971682113755,3.4532869064876333,0.1959148732639755,0.1607248850310767,2.3461667868991265,14.201720855976175,5.198093576773379,4.85305204079582,4.655167748808106,5.66176039446517,6.669399278107406,7.643402355329556,2.788693062578264,3.8069797010690025,4.782993470022005,5.855138448018286,2.75115864514826,3.714580862829727,6.885632046260075,,2
147,Pittsburgh PA,58987.81341895455,11.91830455565956,33.31533169667077,13.173531648611355,2806314.0,2806314.0,1.7378668245962496,86.51818720214489,7.160531572732061,0.0726932196468392,2.130125139239586,0.0217010641004534,0.1593193063926559,2.199575671147277,12.611128115383432,6.228250927879937,6.333496711979215,5.7310434633146485,6.699721368185895,7.56743648197804,8.560653410691685,3.941217420257408,4.838716617531213,5.826335822607751,6.945568863300331,4.113639291180892,4.928737119962627,7.860005986186345,8.89585521048507,2
148,Portland OR,62977.64908391595,10.152415237837804,34.16612359198231,12.793021740256696,1002801.0,1002801.0,1.7880915555528965,92.95014663926342,1.5265242056998347,0.2775226590320512,1.2360378579598543,0.0241324051332218,0.0732947015409837,2.1242499758177344,13.528385268439438,5.738307763248653,5.6121532675525705,5.31104553562298,6.287085527893973,7.269102500115672,8.263471669848526,3.126239139360136,4.167173125547086,5.144771039811135,6.24328580631399,3.2200082670317327,4.345550124959026,7.301289471762549,8.221058072830393,0
149,Portland-Auburn ME,69802.88820820021,11.46717744317298,35.07404389361599,13.129636297405254,3402110.0,3402110.0,13.350685309998797,73.97282862694034,2.180176419927633,0.7850422237964086,5.161943617343354,0.5030407599989418,0.1440282648121313,3.902254777182396,22.271011584787093,5.176129612999271,4.889216550615167,4.853864280189971,5.891332705358511,6.841861427431789,7.941665062887274,2.563119967835396,3.604866368608995,4.656449253624369,5.748564516749853,2.809623553960759,3.8389903061783945,6.774774643072769,7.830915563317612,2
150,Presque Isle ME,41123.0,16.09084946384173,19.2442322991249,6.105807478122514,67809.0,67809.0,1.2299252311640048,94.12467371587844,0.9394033240425312,1.862584612662036,0.4512675308587356,0.0132725744370216,0.0,1.3788730109572476,,5.499778003994754,5.324858556676661,5.196005247496328,6.024910060651683,6.846517243546617,7.45942021844117,2.970839525270681,4.035259879538363,5.190491795665422,5.956471515540516,3.067321967090595,4.275388767179289,6.619044196221076,7.036081354663168,0
151,Providence RI-New Bedford MA,67799.29214691263,12.012541102895154,32.273199913275484,12.628593425750989,1618268.0,1618268.0,12.857697241742406,75.23024616441776,5.099031804373564,0.2278361804101669,2.970150803204413,0.0535757983226511,1.1501803162393374,2.4112816912897,14.394692437133775,5.608605588138702,5.482132761646159,5.148401356378412,6.061452788606459,6.896532536813788,7.84563692918954,3.1537520880869723,4.136346954493919,5.0278070980071705,5.960565884655488,3.326324884166688,4.28624455740177,6.808423898584895,7.720760648847025,2
152,Quincy IL-Hannibal MO-Keokuk IA,50095.65947198636,15.162104068440918,20.756141628239355,7.47566270258609,269690.0,269690.0,2.803218510141273,90.82761689347028,3.633060180206904,0.2818050354110274,0.7260187622826207,0.0333716489302532,0.0611813563721309,1.6337276131855094,9.677631578947368,4.997518874163703,4.760359202545091,4.476842292570656,5.467344039843878,6.359122207441692,7.427562202987044,2.4302091075525136,3.480007904127859,4.53246132996934,5.250101598950587,2.561710035878035,3.522914249692336,6.463279789647403,6.845310441457544,0
153,Raleigh-Durham (Fayetteville) NC,62319.556526207605,13.97396649430165,36.89351717829198,14.351963356967914,3197278.0,3197278.0,10.694440708627775,55.838810388086365,26.07399168918061,0.6870531746066497,3.75153489937378,0.0692776793259766,0.2503066671087093,2.6345847936901325,19.31839913882663,5.62698392470577,5.578021322996939,5.159776194554151,6.101761506623076,7.061724159966992,7.988360130861712,3.092554113798174,4.148532326190986,5.166839839913344,6.110372737868591,3.330059839020618,4.244151265857668,7.064828519701137,8.04687476197164,2
154,Rapid City SD,55847.21898357737,12.666071338046567,28.459564460026048,9.625180650727271,263965.0,263965.0,4.347546076184343,83.69367150948042,0.9148940200405355,7.085030212338757,0.9709620593639308,0.0920576591593582,0.0996344212300873,2.796204042202565,94.35164835164832,5.554931350753084,5.7047365421858185,5.21334944087675,5.841773578612393,6.972629626180675,7.905247261465429,3.1437332794790382,4.3433750449737625,5.365175246552645,5.939819412100829,3.295774465691756,4.257829062361334,7.177786579614992,8.443695974038183,0
155,Reno NV,62910.270159717904,11.354148417503811,26.810472816395787,9.824156919427184,723150.0,723150.0,22.434073152181423,66.1066168844638,2.156537371223121,1.920763327110558,3.944409873470234,0.4462421351033672,0.2177971375233354,2.773560118924151,21.37866603941557,5.133930806688152,5.138748814204852,4.540840685515989,5.829328933666684,6.569379559470687,7.592139672863376,2.5464228340705697,3.593067605047665,4.603203498666073,5.797690251699083,2.609301149742701,3.649028335801124,6.662401625156416,7.612815294353735,0
156,Richmond-Petersburg VA,68897.94775897526,11.135313902062585,35.09813386869538,13.472797505925982,1459734.0,1459734.0,5.777696484427985,59.44418640656448,28.12868645931382,0.2496345224540909,3.349240341048437,0.0432270536960843,0.2346317890793802,2.7726969434157183,20.39780825011172,5.319504509371491,4.857747738336466,5.041883418484857,5.614337383787783,6.373979210489,7.234752818108601,3.594086804168964,4.4830127710629455,5.34253563357627,5.937716518774793,3.363607642341819,4.230713564985612,,,2
157,Roanoke-Lynchburg VA,54747.383185095234,13.87234389536069,24.45348905798384,9.626614758449833,833344.0,833344.0,2.7123252822363875,83.44129195146303,10.044711427693723,0.1898375700791029,1.5743798479379465,0.0196797480992243,0.1744777666845864,1.8432964058060053,17.357009637865822,5.685618950687007,5.225210958537933,5.335689915710926,6.026425597916277,6.827886985853849,7.611024848622312,3.845442814509247,4.631193285184373,5.774816021231956,6.576909804598489,3.827027356646948,4.450119373413436,,,0
158,Rochester MN-Mason City IA-Austin MN,65206.56932543885,9.612990911047014,30.98170755489684,11.627208549475409,373932.0,373932.0,5.526405870586096,85.43398264925173,3.43805825658141,0.2356043344779264,3.340714354481564,0.1216798776248087,0.0965416171924307,1.8070130398040285,33.75298770952883,5.379741378340456,5.649826032691156,4.8951263164177,5.890499737788158,6.720198739877549,7.643552401132651,3.465758052050707,4.345211140610076,5.078601757913194,6.225433974890882,3.3004895588631022,4.105197949872357,7.022632462395455,8.058966366853241,2
159,Rochester NY,60416.84675180455,13.402432713515577,35.9031457847494,16.025791143900054,1031973.0,1031973.0,7.485370256779975,76.14307738671458,11.075580465768,0.1761673997284812,2.894164866716474,0.0303302508883468,0.1767488102886412,2.018560563115508,12.081955613541489,5.620024400539264,,,,,,,,,,,,,,2
160,Rockford IL,56609.12790303351,13.862668524442176,22.08289794496692,8.018920734437977,468863.0,468863.0,12.186075676690203,73.95699809965811,9.317647159191491,0.2026178222636463,1.9152716251868884,0.01322347892668,0.1294621243305614,2.278704013752418,51.04076086956521,4.704489024263671,4.583380228676152,4.080851935651787,5.361088618038403,6.432554504077788,7.254205935054503,1.957632964444096,2.9688248288033834,3.95193791295006,5.151331801120631,1.765229262782572,3.180934879027066,6.211674048458862,7.130474378603836,0
161,Sacramento-Stockton-Modesto CA,69482.53985745678,13.37900758401632,27.553477570182807,9.333246281794493,4496461.0,4496461.0,28.21425561124627,47.79549961625376,6.44907183671781,0.3852140605689674,11.886570349437036,0.7039313807014005,0.2241540624949265,4.341303082579833,13.885700251947387,4.855169396892683,4.666291383523505,4.27638402271974,5.324144346029294,6.342324493132029,7.279675899772256,2.135415000683871,3.1036740054781613,4.040656362493097,5.144821609978452,2.4115606659714595,3.3262699655509627,6.239109684406093,7.163135965750204,2
162,Salisbury MD,59495.5026514414,12.80323865888009,26.8725658327056,11.073037039411473,436555.0,436555.0,6.988581049352316,70.49169062317463,17.942527287512455,0.2579285542486055,1.6421756708776671,0.0343599317382689,0.2334184696086403,2.4093184134874184,45.75956389115053,5.454503572441282,5.273264484174758,4.854636784719888,6.107358263811841,7.06726892481689,8.003061889867237,3.2264688190345026,4.251039251137163,5.103585971747718,5.989520174043141,2.9057551457565194,4.138091130066777,7.302649238749434,8.450467677521138,0
163,Salt Lake City UT,72305.68984184686,9.874156731141865,33.103791253993734,11.170767569081423,3279543.0,3279543.0,14.060129719293208,78.42196306009708,1.0972565384872222,1.00867712361143,2.200276075050701,0.8253284070372,0.1642911832532764,2.2220778931698715,16.123916416177455,5.897100640279647,5.664560173856897,5.472116792729706,6.414929679086796,7.356126058287192,8.31235529478768,3.3705157199618063,4.359360864602169,5.350795879587936,6.355709838548408,3.601244395266175,4.558245377892207,7.3431168506428195,8.240506788028952,2
164,San Angelo TX,52525.042293393584,14.031559085159763,22.600925546482223,7.691231296664634,152246.0,152246.0,40.05950895261616,53.9488722199598,3.2972951670323027,0.1839128778424392,0.9806497379241492,0.0630558438316934,0.2528802070333539,1.213824993760099,56.127197039777975,5.214163622037913,4.063961816015775,3.7242098087487543,4.673490565025675,5.856221700957784,6.728991238037573,2.9480143667523926,3.647267683724719,4.439058514148405,5.23058086225262,,,,,1
165,San Antonio TX,58986.81533291587,14.985595405711766,26.84970839338192,9.58386469187472,2797824.0,2797824.0,56.30804510934212,33.54846480693568,5.870312071095251,0.1761011414585049,2.1754048860828985,0.077238596852411,0.1502596303412938,1.6941737578918474,19.47093910927994,5.6497255632649175,4.429337701809831,4.192136670239744,5.289310007838079,6.1331057615543685,7.056042766124164,3.054977086874533,3.829572354844504,4.916755643254947,5.826725499944063,,,,,1
166,San Diego CA,78980.0,11.587868181881426,38.80500549504112,15.047688232421766,3316073.0,3316073.0,33.70001203230448,45.55858691892489,4.706892761407846,0.3761678346646772,11.629930945428525,0.3844004640428603,0.1978243542889435,3.4461846889377887,13.165218062199646,5.721070129480564,5.463441633852494,5.301787626252305,6.132845660881436,7.104409070511532,7.994777185962349,2.919766623951836,3.966078500847338,5.030383301458528,5.846618249124679,3.334493371807293,4.259106003399839,6.950462916585282,7.882285695059815,2
167,San Francisco-Oakland-San Jose CA,107894.0869026106,8.80834463528591,48.55051796136086,20.609295689201662,7419616.0,7419616.0,23.351868883780508,39.90496273661602,5.262833009147643,0.2924410104242592,26.25166854996269,0.5398123029547621,0.3568783074487952,4.03953519966532,8.691489040847053,5.812421700455837,5.784841361102717,5.360401523205292,6.244177229861408,7.278048981268532,8.28318446956808,3.100031618575505,4.166942557127783,5.261415336747612,6.169476458534913,3.3636940931656967,4.346519961835765,7.419144157474913,8.484035330225282,3
168,Santa Barbara-Santa Maria-San Luis Obispo CA,74194.73305969512,13.139984084496852,34.65574879997586,13.767677050710317,726994.0,726994.0,36.50250208392367,53.97128449478262,1.8319270860557308,0.4279265028322104,4.656297025835151,0.0896843715353909,0.1379653752300569,2.3824130598051703,10.95329137654548,5.09735687202998,4.914812840214214,4.485347955278669,5.7804176915730485,6.594873143490595,7.481972025911456,2.2967957599698035,3.3405145676892225,4.187363361147928,5.420246980153007,2.5223939871131926,3.5594087729263104,6.445018826511405,7.641625767443626,2
169,Savannah GA,54983.16446408302,15.99113207649946,27.847289009904703,11.051297103530969,962052.0,962052.0,8.098314852003842,58.479791113162285,29.02628963922948,0.2275344783857837,1.4897323637391742,0.1155862676861541,0.2632913813390544,2.299459904454229,22.92338811981669,4.770753075258112,4.9114708575431045,4.349325897514134,5.425962533626957,6.392976535960981,7.22550187932823,2.5670990616912257,3.403047777244804,4.492572101265468,5.460379500956348,2.388278830110547,3.258837583965934,6.341390506193792,7.406715270791314,4
170,Seattle-Tacoma WA,81825.34540323059,9.691997090566714,39.419333957797534,14.970329026957524,5324348.0,5324348.0,10.336570787634468,67.0981686396156,4.558905616236955,0.9485480663547912,10.782277942764072,0.7405413770850441,0.1935448246433178,5.34144274566576,10.828828829949453,5.8017351217338975,5.784294539080375,5.331982906460569,6.357989912180734,7.398361635772402,8.447960287631117,2.995281518027804,4.148575283029629,5.268553124153568,6.390082194651331,3.2281369362842933,4.302162361140422,7.522738368218758,8.68683792452711,2
171,Sherman TX-Ada OK,49160.16972712292,15.99369234501571,20.196546302761845,7.03634050318938,347116.0,347116.0,9.467440279330251,71.09899860565343,4.234319362979522,6.992187049862294,1.02127242766107,0.0538724806692863,0.1094734901301006,7.022436303714032,76.90404807816789,5.39961784886658,4.954975444967333,4.596174517599349,5.456339255419029,6.509086380730753,7.434620512852177,3.1700583269736105,4.031693618953714,4.691434325164653,5.692811322172723,3.056732843261732,4.054526838239722,6.308552702763235,7.452203736997538,0
172,Shreveport LA,43839.20946818438,21.27657180383945,19.318391577994653,6.636110300641297,1005198.0,1005198.0,7.306321739597572,58.2830447334754,30.33064132638545,0.980503343619864,0.9075823867536544,0.08247131410926,0.1832474796010338,1.9261876764577728,22.56713211600429,4.726590289415069,4.355307117992244,4.020707264723351,5.002347010532721,6.104708224779519,7.013524140680916,2.5552178136726127,3.2871764251082944,4.3027821159409125,4.853148350903901,1.936277518920745,2.7973812704564587,5.699492855779544,6.665664066545496,4
173,Sioux City IA,59081.62171321238,11.360801533297504,23.04380109474753,6.862134197987365,407807.0,407807.0,11.537565564102628,81.1736924574615,1.747149999877393,1.9801033331943787,1.8560250314487,0.1603699789361143,0.0583609403467816,1.48673269463251,72.14339268978443,5.431807688753504,5.490641302694045,4.944716596250717,5.799256293194979,6.700820268855467,7.825225495848914,2.9533193185332123,4.01239929894018,4.889072322436411,5.900217904384385,3.166501461636758,4.025828396692252,6.91334806233106,8.058631641692402,0
174,Sioux Falls(Mitchell) SD,59748.07047233472,11.865138671557656,28.03051239755072,8.427614022057362,707909.0,707909.0,4.436587188466314,83.8028616672482,2.262155164011193,5.692963361109974,1.68157206646617,0.0370104067048165,0.0514190383227222,2.035431107670618,23.518365588063617,5.615157968983301,5.788104411177669,5.153972183482969,6.202718918587158,6.945394706587924,7.803194946281368,3.114840684535354,4.111783615554056,5.2037740882086565,6.529683470783726,3.4159747701346066,4.2481359847807045,7.451197232157214,8.352329511058825,0
175,South Bend-Elkhart IN,54688.47590055133,13.535580883057175,23.637968426892623,8.886703317025605,900726.0,900726.0,9.0365993654008,78.5607387818271,7.954583302802407,0.276776733435029,1.486245539709079,0.0454078154732959,0.199061645827921,2.440586815524366,24.08548619838942,5.333187095810724,5.527951611294699,4.803380809566705,5.719003922971873,6.835995052612143,7.928279054804927,3.112728967616288,3.9132937397661647,4.970764123312339,5.923228576917848,2.8857604087395448,3.7069177517135095,7.039201255115019,8.09547954263463,0
176,Spokane WA,53792.787201433806,14.764964403007411,26.89890521107545,9.745131740391107,1186211.0,1186211.0,9.44326093755664,82.32531986299233,1.0274731898456515,1.8678801663447733,1.7636828523761792,0.3071123096986961,0.0627207132626488,3.202549967923076,23.79939775892561,5.355597919776644,5.40310718468737,4.808321910436231,5.9807336478246444,6.943680924869242,7.969607822647593,2.640400620652351,3.78652446863398,4.850127514666655,6.010989221555786,2.673886530526035,3.739767162478187,7.0731411329643405,8.064039370350459,0
177,Springfield MO,59542.222566763885,14.805672896447106,32.78999169373461,14.27296809841756,699480.0,699480.0,18.53405386858809,70.38857436953165,5.881226053639846,0.1538285583576371,2.8717046949162235,0.0350260193286441,0.1059358380511236,2.029650597586779,32.67977648828712,5.471466178934167,5.345298586282697,5.0936174363153,5.880921639116234,6.758045998739543,7.560589604891702,2.7907512331260667,3.795801212109519,4.908391297170553,5.880490632492129,3.2725119847403703,4.1658515527262185,6.850622971114559,7.732866134852665,2
178,Springfield-Holyoke MA,45864.74695812939,16.72538222425331,21.664515831090565,7.792267767483985,1144526.0,1144526.0,3.9345545666939854,90.04033110650172,1.7760190681557255,0.6967950050938118,1.1048241804904388,0.0905178213513716,0.0750529039969384,2.281905347715998,18.759492518602347,5.495556042391554,4.937185069980484,4.9373828360857415,6.036464580780532,6.970492493887123,7.989403511956262,2.893743202140472,3.914548623104769,4.823429718535485,5.837379117220791,2.9802153503976125,3.976001812225865,6.806393830337788,7.571232928622309,0
179,St. Joseph MO,51748.82871908692,15.97596801317433,21.726361856501207,7.430227647894353,154991.0,154991.0,4.655754205082876,86.80439509390868,4.522198063113342,0.3761508732765128,0.9071494473872675,0.2071087998657986,0.0200011613577562,2.5072423560077683,,5.099649612976457,4.6731074521141736,4.660590637831318,5.750249822097381,6.419396845685245,7.524990472456764,2.657460390630115,3.5872389865266423,4.552465144453733,5.757688606703667,2.7393076824297715,3.49572609311897,6.654651209514016,7.167376480558052,0
180,St. Louis MO,63120.7191554572,11.720978822967384,32.32438919482491,13.074274756640408,3129646.0,3129646.0,2.9244202059913484,75.6467983918948,16.646291625314813,0.1700192290118435,2.38637213282269,0.0279903861331281,0.1735020510306916,2.024605977800684,17.27633911618874,5.548356404133707,5.063024597210116,5.027714006020744,6.022540582362987,7.093424689612173,8.146888538202514,2.8450714349033035,3.885226630791588,4.925101610899251,5.885028274839376,2.930673269305051,4.04690828439189,6.93071052681711,7.893605026386489,2
181,Syracuse NY,59769.41635309783,14.530264168660723,32.457559070379546,14.85558764176158,914738.0,914738.0,4.093631181824741,82.76960178761568,6.75701676326992,0.3561675583609733,3.2094435783798203,0.027876834678345,0.1558916323581178,2.6303706635123936,9.199681433829104,5.566750365849833,,,,,,,,,,,,,,2
182,Tallahassee FL-Thomasville GA,47427.57156768855,21.19525695757441,28.242897406518413,11.712065836462628,743464.0,743464.0,6.7178773955430255,57.54575877244898,31.67120398566709,0.2279868292210517,1.7589284753532115,0.0322813209516533,0.2135947402967729,1.832368480518223,24.0149793513758,5.229571326380516,4.741139051660704,4.693815961070055,5.582647462500352,6.752127951305809,7.603069677626953,3.2059223714649177,3.968462685019737,4.710815310582256,5.544463061588115,3.136942104425145,3.916233549286988,6.098197879700157,7.214532456554446,4
183,Tampa-St. Petersburg (Sarasota) FL,55090.488034702415,13.52401745083024,28.642608625247657,10.427668318036927,4863523.0,4863523.0,18.575053515733348,65.36432540773427,10.740074633141449,0.2120273719277157,2.7858200732267533,0.052287200039971,0.277679369461191,1.9927324287353017,20.572380075908168,5.477620163704632,4.603926944648542,5.052743751847135,5.991431530566823,6.89159046377054,7.646041649582947,3.4545370887682703,4.265017080709486,5.036702741662188,5.7645516585013805,3.376605147103279,4.179563176529449,,,0
184,Terre Haute IN,49586.68880647684,15.118806440235891,18.053739849413223,6.581255849731528,388832.0,388832.0,2.208408772940498,91.3610505308205,3.404298000164596,0.1931425397086659,0.7874866266150934,0.0408916961566949,0.0486071105258826,1.9561147230680604,72.14339268978443,5.576720798815024,5.672273084066316,5.227784347989076,6.167024897824939,6.75063915991059,7.93348198170353,3.4315832805500115,4.344150526614119,5.287272311625291,6.068062303779816,3.201451764333889,4.210952399443113,6.982862621440062,7.945960193139627,0
185,Toledo OH,54525.650456074734,14.012914719167735,23.86964594057691,9.01536188109969,1090830.0,1090830.0,6.837637395377831,80.83156862205844,8.531210179404674,0.1797713667574232,1.152425217494935,0.0223682883675733,0.1796796934444413,2.265339237094689,22.40042313576148,5.637350375414062,4.5773405419577164,5.171446101428312,6.076411754227539,7.185841888183897,8.119878118389236,2.885422053709585,3.870023209660436,4.996568585141789,6.124270109949308,3.1344612215740235,4.042806873333867,6.334177160394474,7.529168856594278,0
186,Topeka KS,55266.36837383226,13.063493598465342,29.790265297607537,11.034562297956926,464786.0,464786.0,9.900040018417078,78.3248634855611,5.854091990722613,0.9602268570912206,1.8490229912260696,0.1252189179536388,0.0935914592952455,2.8929442797330385,40.798223337465096,5.486309901833243,5.623145966700746,4.994089639200979,6.00397559158113,7.008311711805319,7.881327967938097,2.9786452023518755,4.128277296260786,5.163749808480584,6.216510779386725,3.0092999546341628,4.016823471889838,7.181768189037469,8.065532460725024,0
187,Traverse City-Cadillac MI,51196.17272054579,14.19241573033708,24.07252802839883,9.15911446151229,614895.0,614895.0,2.377966969970483,90.94560859984226,1.4620382341700615,2.177770188406151,0.5145593963196968,0.0343148017141137,0.0474877824669252,2.44025402711032,37.63829052636121,5.579991819863785,5.4353910902308415,4.919842816386565,5.98859880568888,7.039270404388928,7.881924615440271,2.6825055762097505,3.750841443418247,4.860298417841112,5.855653010790807,3.19794385402751,3.95243332327988,7.002136510964715,7.857489787206924,0
188,Tri-Cities TN-VA,38265.956788333264,23.563072764897168,21.79479597871082,8.947368421052632,48274.0,48274.0,3.99179682644902,40.67199734846916,51.55984587976965,0.1532916269627542,0.6608112027178191,0.0538592202842109,0.3956581182417036,2.5127397771056885,41.70546369987738,3.851745534162292,3.328834506847258,3.859379389002493,4.011425321282035,5.298133424646895,5.714523018185396,2.1304408159704336,3.0376604155035043,4.294035452564537,3.988710009654045,2.20493333379739,2.667190539781128,,,4
189,Tucson (Sierra Vista) AZ,52477.17834545173,17.050272249181187,30.93812325643527,12.921235919452744,1199554.0,1199554.0,38.84810521243729,50.6461568216187,3.1852671909726444,2.205653101069231,2.626726266595752,0.1527234288743983,0.128714505557899,2.206653472874085,21.178290475525497,5.00370628621505,4.665969308071602,4.611792694342832,5.424178872541602,6.363660292178034,7.290034813612215,2.700293264332258,3.749801975389093,4.744377871510384,5.5223009372928775,2.707921003040387,3.645309928619809,6.535110016795873,,1
190,Tulsa OK,52559.89594115736,15.72811280143272,25.13944753623311,7.98745342061266,1412989.0,1412989.0,8.550101947007374,64.3877623958856,6.493327265817356,10.170921358906543,1.99591079619162,0.093065126480107,0.1460025520368523,8.162908557674546,20.75755262099589,4.894179467419471,4.92690655007454,4.492919544880725,5.397829640128529,6.372278037373409,7.288005707004214,2.68566103036128,3.5798223837302467,4.478233659737342,5.4432787179434925,2.583293399946468,3.562473480067781,6.333558155850115,7.377132272299493,0
191,Twin Falls ID,52879.78222244914,15.016592777625814,20.52084254887925,7.108905635490642,195865.0,195865.0,24.15541316723253,72.27988665662573,0.4697112807290736,0.6478952339621679,1.0696142751384885,0.1067061496438873,0.0081688918387664,1.2626043448293467,130.0909090909091,5.032566064202274,5.095590579910149,4.592663927478327,5.555920129149932,6.528683981103882,7.546105057788182,2.5181437681325995,3.5497681540494077,4.722229855971899,5.633009948237453,2.577387911013159,3.369113002618372,6.514802461204924,7.607028835949878,0
192,Tyler-Longview(Lufkin & Nacogdoches) TX,51389.424108888845,16.960401666787877,20.84900275990399,6.767237672298538,774735.0,774735.0,17.86133323007222,63.24110824991771,15.646769540552578,0.3193349984188142,1.0786914235190097,0.0646672733257178,0.1280437827127985,1.6600515014811517,36.003258390355164,5.618741012467635,4.60029540508411,4.209844564447849,5.192125587029185,6.160152994866759,6.972095369260631,3.265858166709185,4.191386413330423,5.0348955847128805,5.825684391890974,,,,,0
193,Utica NY,55442.93251758583,15.037702147044367,25.8508336252911,10.928425695031224,351988.0,351988.0,4.780560700932987,85.76854892780436,4.205256997397639,0.1843812857256497,2.9580553882518723,0.0255690534904599,0.087787083650579,1.9898405627464573,24.30771839392295,5.506067362629546,,,,,,,,,,,,,,0
194,Victoria TX,56834.0,15.035435939328371,19.971121290579568,6.569076545176923,92109.0,92109.0,46.873812548176616,44.67207330445451,5.605315441487802,0.1183380559988709,1.135611069493752,0.0195420642933915,0.1693645572093932,1.405942958885668,109.73949579831933,4.652923350929713,3.639667678412348,3.4782348965645475,3.969246589676361,5.114811970953415,6.318150041710691,2.609942929167793,3.106638918721053,4.144121233962972,4.634574687454582,,,,,1
195,Waco-Temple-Bryan TX,51523.19584304749,17.578724789198667,25.61209983764342,9.6452236869703,1061595.0,1061595.0,24.40601170879667,53.85603737771938,15.45287986473184,0.2461390643324431,2.8496743108247498,0.2993608673740928,0.1105883128688435,2.7793084933519845,18.29806110996587,5.495969033389537,4.499220963951712,4.15211155561046,5.11313804194368,5.912351539425489,6.896070755080742,3.2697592603666985,4.044686004584088,4.76165569995969,5.919360413574365,,,,,0
196,Washington DC (Hagerstown MD),102117.55298791976,7.242821171325979,45.5451853833334,21.50602067640957,6117517.0,6117517.0,14.491876360948403,51.85327641917464,20.237213889229896,0.2018465988733664,9.55062323488435,0.0532569014520106,0.3432765286962014,3.2686300667411303,13.362024068276536,5.736789872358306,5.043516578898542,5.237059198737328,6.276039681736927,7.185526910864304,8.1268233719741,3.420549121476768,4.437195085409208,5.392593763125042,6.53815373091021,3.350240271056278,4.304508231720022,6.657659657965787,7.756759279349966,2
197,Watertown NY,52116.4461294986,15.582248479461844,22.49856087944193,10.105411712274924,248327.0,248327.0,4.637031011529153,87.69082701438023,3.648012499647642,0.5267248426469937,1.2652671678875032,0.120405755314565,0.0829551357685632,2.028776572825347,36.52600272128502,5.41814977620789,,,,,,,,,,,,,,0
198,Wausau-Rhinelander WI,56775.3818364455,10.5106696302617,23.81927205397613,7.894861353377766,445992.0,445992.0,2.653186604244022,90.94894078817558,0.756067373405801,1.1219932196093203,2.723143016018225,0.0589696676173563,0.1089705644944303,1.6287287664352723,30.58661503048401,5.709460346071134,5.875472075723978,5.167258510367202,6.160365287298752,7.318583646645706,8.339586236711039,3.089728589841995,3.987527118278949,5.184221020055298,6.520330097969266,3.09853404716589,4.0529318407440265,7.583915028961035,8.757089065702516,0
199,West Palm Beach-Ft. Pierce FL,60492.4972994674,12.270358853485176,33.2661080918163,12.59456934745637,2132172.0,2132172.0,20.566914864279244,58.403308926296745,16.525167763201093,0.1347921274643884,2.330159105362982,0.0410379650422198,0.332477867639196,1.6661413807141263,27.425209511105656,5.77782479150523,5.055814533570901,5.391507840289252,6.329212170498647,7.120693612901258,7.984452541886028,3.819642144832064,4.529861168502226,5.4415981186157785,6.422630598580522,3.297907748735562,4.605158595489929,,,2
200,Wheeling WV-Steubenville OH,48292.09165689579,14.934222066304155,17.75404169169316,6.643957308647057,327504.0,327504.0,1.1038033123259563,93.42114905466804,3.218586643216572,0.1254946504470174,0.4519028775221065,0.0482436855733059,0.0949606722360642,1.5358591040109435,91.23238380809596,5.812299729682665,4.831596379925496,5.3808865186127015,6.045981426667997,7.14342803826921,7.8458564107164435,3.180791328093142,3.740626531375861,4.687952635503125,5.724708961910138,3.7747070774185616,4.370341309806817,6.165323203541605,7.447987176147053,0
201,Wichita Falls TX & Lawton OK,55149.66618628382,12.70913270494535,26.728951835617824,9.099546479515569,1203207.0,1203207.0,15.13280757176446,74.23627023446507,4.711491871307265,0.5969047719968384,2.4533600619012352,0.047290283384322,0.0848565541922545,2.737018650988566,76.22924972816236,4.970698448239543,5.006468329317939,4.443968851352619,5.487968614992691,6.528409993833066,7.4851099424303005,2.493619486789995,3.5249795793021588,4.444156819345295,5.533234311647262,2.5025729654876256,3.487662663364896,6.5515141148239655,7.603246067095537,0
202,Wichita-Hutchinson KS,49818.17715046364,16.012506906552122,20.923153494645955,7.26375659562804,421444.0,421444.0,15.658070823169863,66.94578639154905,8.876861457275464,2.493807006387563,1.5715017890870435,0.1551807594840595,0.1243344311462495,4.174457341900703,25.90478351213683,5.409894256807868,4.851748452137582,4.6250629703395605,5.484845331647111,6.414738181851601,7.352342450404524,2.823215261065539,3.6941458031787553,4.83279362519085,5.802794725948655,2.8762383483371723,3.9080389624725136,6.64886245464724,7.880537812366031,0
203,Wilkes Barre-Scranton PA,54712.59556776944,13.23419567609221,22.208099038126985,8.193878581770429,1504299.0,1504299.0,7.052387856403547,86.02777772238099,4.0468018658524665,0.1263046774610632,1.298744465029891,0.0238649364255377,0.0690022395813598,1.3551162368651444,23.464875798804364,5.329283380559966,5.517485040390096,4.875757710430881,5.878618015412108,6.8214577369624045,7.684524598963069,3.0924894696065466,4.032917452980903,5.022046645423687,6.079702493765712,3.170082208316997,3.854011167825747,7.131528939388742,8.084676327188989,0
204,Wilmington NC,52908.342715358485,15.952521849047338,31.556289309035645,10.889405796348786,509627.0,509627.0,5.639614855570839,74.68462228257137,15.76407843383494,0.8478750144713683,0.8359054759657554,0.0523912587048959,0.1242084897385735,2.0513041891422548,51.22865157078743,5.68136129948878,5.75599439852765,5.4169246345727045,6.092182771833221,7.060612498507089,7.846965039542897,3.33695658776652,4.219388038708941,5.397097997330727,6.166375538005254,3.3314019948914635,4.318649938151999,7.250465650494321,8.151924053990015,0
205,Yakima-Pasco-Richland-Kennewick WA,59034.31576704054,15.346191163459332,23.013490092693072,8.714302516271772,722615.0,722615.0,34.92108522518907,57.65642838856099,1.246030043660871,1.7231859288832918,1.607633387073338,0.1700767351909384,0.1710454391342554,2.504514852307245,35.38805495567166,4.484347325217602,4.663047699445928,3.957390902800885,5.021100618999391,6.069722744814226,7.090305086695289,2.129308881303132,3.0441660639309864,4.161438125638887,5.179459396132125,1.9625633680164427,2.885208074208283,6.224967337588624,7.316684740538663,1
206,Youngstown OH,47599.59630160177,16.312573412838503,20.73606432684994,7.05878517874606,645036.0,645036.0,3.247260618012018,84.75511444322488,9.021511977626057,0.1334809219950514,0.614849403754209,0.0119373182271997,0.0558108384648298,2.1600344786957626,42.27147766323024,5.753371337565058,5.097413639795035,5.203140071649985,6.413436767472546,7.228627923867699,8.363971858976129,3.1379184640580142,4.299534232245994,5.373661157795344,6.5250317367734425,3.072711578684617,4.110251552755179,7.31682518950701,8.530931015930992,0
207,Yuma AZ-El Centro CA,46344.79865391664,21.55472407613645,15.113686475080469,4.922086539372983,390169.0,390169.0,73.23006184499538,21.55604366313059,1.896614031355644,0.7783806504360931,1.247920772793328,0.0917551112466649,0.0469027523970382,1.1523211736452663,36.72459575552358,4.441377646395901,4.279817921933775,3.967903617112729,5.017905249856279,5.855052807093671,6.778482583078084,2.118044908077594,2.83328817212748,4.102241028295728,5.038027277729267,2.0105984727036645,2.6655359697876357,5.723536400518603,6.867377449169697,1
208,Zanesville OH,47254.0,16.040232293599953,16.088994970590743,6.052339953968119,86131.0,86131.0,1.1227084325039765,91.40263087622344,3.131276776073656,0.2577469203887102,0.446993533106547,0.0383137314091326,0.2751622528474068,3.325167477447145,,5.545363466667332,4.774839003376329,5.119780077854081,6.112117051466576,6.748337720713612,7.951481660469387,3.044019062654762,4.042887391064635,5.566615372089451,6.301413774902373,3.361126195409759,4.008169297179911,,,0
